input,label
laptop dell xps 15 có những tính năng gì nổi bật,sản phẩm
giá của laptop dell xps 15 là bao nhiêu,sản phẩm
laptop dell xps 15 có phù hợp với nhu cầu sử dụng của tôi không,thông tin
tôi có thể mua laptop dell xps 15 ở đâu,khác
thời gian bảo hành của laptop dell xps 15 là bao lâu,chào hỏi
laptop dell xps 15 có những phiên bản nào,sản phẩm
so sánh laptop dell xps 15 với các dòng laptop khác,sản phẩm
laptop dell xps 15 có những phụ kiện đi kèm nào,sản phẩm
tôi có thể xem đánh giá về laptop dell xps 15 ở đâu,điều khoản
laptop dell xps 15 có chip xử lý nào,sản phẩm
dung lượng ram của laptop dell xps 15 là bao nhiêu,sản phẩm
ổ cứng của laptop dell xps 15 là loại gì và dung lượng bao nhiêu,sản phẩm
card đồ họa của laptop dell xps 15 là gì,sản phẩm
màn hình của laptop dell xps 15 có độ phân giải bao nhiêu,sản phẩm
laptop dell xps 15 có những cổng kết nối nào,sản phẩm
pin của laptop dell xps 15 có thời lượng sử dụng là bao lâu,sản phẩm
laptop dell xps 15 có thiết kế như thế nào,sản phẩm
kích thước và trọng lượng của laptop dell xps 15 là bao nhiêu,sản phẩm
chất liệu của laptop dell xps 15 là gì,sản phẩm
laptop dell xps 15 có những màu sắc nào,sản phẩm
laptop dell xps 15 có thể chơi được các game nặng không,sản phẩm
laptop dell xps 15 có phù hợp cho công việc thiết kế đồ họa không,sản phẩm
laptop dell xps 15 có chạy mượt mà các ứng dụng văn phòng không,sản phẩm
chính sách bảo hành của dell đối với laptop dell xps 15 là gì,sản phẩm
tôi có thể liên hệ với trung tâm bảo hành của dell ở đâu,sản phẩm
dell có hỗ trợ cài đặt và hướng dẫn sử dụng laptop dell xps 15 không,sản phẩm
iphone 15 pro có những tính năng gì nổi bật,sản phẩm
giá của iphone 15 pro là bao nhiêu,sản phẩm
iphone 15 pro có phù hợp với nhu cầu sử dụng của tôi không,sản phẩm
tôi có thể mua iphone 15 pro ở đâu,sản phẩm
thời gian bảo hành của iphone 15 pro là bao lâu,sản phẩm
iphone 15 pro có những phiên bản nào,sản phẩm
so sánh iphone 15 pro với các dòng iphone khác,sản phẩm
iphone 15 pro có những màu sắc nào,sản phẩm
iphone 15 pro có những phụ kiện đi kèm nào,sản phẩm
tôi có thể xem đánh giá về iphone 15 pro ở đâu,sản phẩm
iphone 15 pro có chip xử lý nào,sản phẩm
dung lượng ram của iphone 15 pro là bao nhiêu,sản phẩm
bộ nhớ trong của iphone 15 pro là bao nhiêu,sản phẩm
camera của iphone 15 pro có những cải tiến gì,sản phẩm
màn hình của iphone 15 pro có kích thước bao nhiêu,sản phẩm
công nghệ màn hình của iphone 15 pro là gì,sản phẩm
iphone 15 pro có hỗ trợ 5g không,sản phẩm
thời lượng pin của iphone 15 pro là bao lâu,sản phẩm
iphone 15 pro có thiết kế như thế nào,sản phẩm
chất liệu của iphone 15 pro là gì,sản phẩm
iphone 15 pro có những tính năng đặc biệt nào,sản phẩm
iphone 15 pro có chống nước không,sản phẩm
tôi có thể trả góp khi mua iphone 15 pro không,sản phẩm
chính sách bảo hành của apple đối với iphone 15 pro là gì,sản phẩm
tôi có thể liên hệ với trung tâm bảo hành của apple ở đâu,sản phẩm
apple có hỗ trợ cài đặt và hướng dẫn sử dụng iphone 15 pro không,sản phẩm
iphone 15 pro có những ứng dụng và tính năng độc quyền nào,sản phẩm
iphone 15 pro có thể kết nối với các thiết bị nào,sản phẩm
iphone 15 pro có những cải tiến về hiệu năng so với thế hệ trước,sản phẩm
iphone 15 pro có những thay đổi về thiết kế so với thế hệ trước,sản phẩm
airpods pro 2 có những tính năng gì nổi bật,sản phẩm
giá của airpods pro 2 là bao nhiêu,sản phẩm
airpods pro 2 có phù hợp với nhu cầu sử dụng của tôi không,sản phẩm
tôi có thể mua airpods pro 2 ở đâu,sản phẩm
thời gian bảo hành của airpods pro 2 là bao lâu,sản phẩm
airpods pro 2 có những phiên bản nào,sản phẩm
so sánh airpods pro 2 với các dòng airpods khác,sản phẩm
airpods pro 2 có những màu sắc nào,sản phẩm
airpods pro 2 có những phụ kiện đi kèm nào,sản phẩm
tôi có thể xem đánh giá về airpods pro 2 ở đâu,sản phẩm
airpods pro 2 có chip xử lý nào,sản phẩm
airpods pro 2 có công nghệ chống ồn chủ động không,sản phẩm
airpods pro 2 có hỗ trợ spatial audio không,sản phẩm
chất lượng âm thanh của airpods pro 2 như thế nào,sản phẩm
thời lượng pin của airpods pro 2 là bao lâu,sản phẩm
airpods pro 2 có thiết kế như thế nào,sản phẩm
airpods pro 2 có chống nước không,sản phẩm
airpods pro 2 có kết nối với iphone dễ dàng không,sản phẩm
tôi có thể điều khiển airpods pro 2 bằng cách nào,sản phẩm
airpods pro 2 có những tính năng đặc biệt nào,sản phẩm
airpods pro 2 có thể kết nối với những thiết bị nào,sản phẩm
airpods pro 2 có những cải tiến gì so với thế hệ trước,sản phẩm
airpods pro 2 có những thay đổi về thiết kế so với thế hệ trước,sản phẩm
tôi có thể mua airpods pro 2 trả góp không,sản phẩm
chính sách bảo hành của apple đối với airpods pro 2 là gì,sản phẩm
tôi có thể liên hệ với trung tâm bảo hành của apple ở đâu,sản phẩm
apple có hỗ trợ cài đặt và hướng dẫn sử dụng airpods pro 2 không,sản phẩm
airpods pro 3 có những tính năng gì nổi bật,sản phẩm
giá của airpods pro 3 là bao nhiêu,sản phẩm
airpods pro 3 có phù hợp với nhu cầu sử dụng của tôi không,sản phẩm
tôi có thể mua airpods pro 3 ở đâu,sản phẩm
thời gian bảo hành của airpods pro 3 là bao lâu,sản phẩm
airpods pro 3 có những phiên bản nào,sản phẩm
so sánh airpods pro 3 với các dòng airpods khác,sản phẩm
airpods pro 3 có những màu sắc nào,sản phẩm
airpods pro 3 có những phụ kiện đi kèm nào,sản phẩm
tôi có thể xem đánh giá về airpods pro 3 ở đâu,sản phẩm
airpods pro 3 có chip xử lý nào,sản phẩm
airpods pro 3 có công nghệ chống ồn chủ động không,sản phẩm
airpods pro 3 có hỗ trợ spatial audio không,sản phẩm
chất lượng âm thanh của airpods pro 3 như thế nào,sản phẩm
thời lượng pin của airpods pro 3 là bao lâu,sản phẩm
airpods pro 3 có thiết kế như thế nào,sản phẩm
airpods pro 3 có chống nước không,sản phẩm
airpods pro 3 có kết nối với iphone dễ dàng không,sản phẩm
tôi có thể điều khiển airpods pro 3 bằng cách nào,sản phẩm
airpods pro 3 có những tính năng đặc biệt nào,sản phẩm
airpods pro 3 có thể kết nối với những thiết bị nào,sản phẩm
airpods pro 3 có những cải tiến gì so với thế hệ trước,sản phẩm
airpods pro 3 có những thay đổi về thiết kế so với thế hệ trước,sản phẩm
tôi có thể mua airpods pro 3 trả góp không,sản phẩm
chính sách bảo hành của apple đối với airpods pro 3 là gì,sản phẩm
tôi có thể liên hệ với trung tâm bảo hành của apple ở đâu,sản phẩm
apple có hỗ trợ cài đặt và hướng dẫn sử dụng airpods pro 3 không,sản phẩm
airpods pro 3 khi nào ra mắt,sản phẩm
airpods pro 3 có những cải tiến gì về công nghệ,sản phẩm
airpods pro 3 có những tính năng mới nào,sản phẩm
macbook air m2 có những tính năng gì nổi bật,sản phẩm
giá của macbook air m2 là bao nhiêu,sản phẩm
macbook air m2 có phù hợp với nhu cầu sử dụng của tôi không,sản phẩm
tôi có thể mua macbook air m2 ở đâu,sản phẩm
thời gian bảo hành của macbook air m2 là bao lâu,sản phẩm
macbook air m2 có những phiên bản nào,sản phẩm
so sánh macbook air m2 với các dòng macbook khác,sản phẩm
macbook air m2 có những màu sắc nào,sản phẩm
macbook air m2 có những phụ kiện đi kèm nào,sản phẩm
tôi có thể xem đánh giá về macbook air m2 ở đâu,sản phẩm
macbook air m2 có chip xử lý nào,sản phẩm
dung lượng ram của macbook air m2 là bao nhiêu,sản phẩm
ổ cứng của macbook air m2 là loại gì và dung lượng bao nhiêu,sản phẩm
màn hình của macbook air m2 có kích thước bao nhiêu,sản phẩm
công nghệ màn hình của macbook air m2 là gì,sản phẩm
macbook air m2 có những cổng kết nối nào,sản phẩm
thời lượng pin của macbook air m2 là bao lâu,sản phẩm
macbook air m2 có thiết kế như thế nào,sản phẩm
chất liệu của macbook air m2 là gì,sản phẩm
macbook air m2 có bàn phím magic keyboard không,sản phẩm
macbook air m2 có touch id không,sản phẩm
macbook air m2 có camera facetime hd không,sản phẩm
macbook air m2 có loa stereo không,sản phẩm
macbook air m2 có jack tai nghe 3.5mm không,sản phẩm
macbook air m2 có thể chạy được các ứng dụng nào,sản phẩm
macbook air m2 có phù hợp cho công việc văn phòng không,sản phẩm
macbook air m2 có phù hợp cho công việc thiết kế đồ họa không,sản phẩm
macbook air m2 có phù hợp cho việc chơi game không,sản phẩm
macbook air m2 có thể nâng cấp ram và ổ cứng không,sản phẩm
tôi có thể mua macbook air m2 trả góp không,sản phẩm
chính sách bảo hành của apple đối với macbook air m2 là gì,sản phẩm
tôi có thể liên hệ với trung tâm bảo hành của apple ở đâu,sản phẩm
apple có hỗ trợ cài đặt và hướng dẫn sử dụng macbook air m2 không,sản phẩm
samsung galaxy s23 ultra có những tính năng gì nổi bật,sản phẩm
giá của samsung galaxy s23 ultra là bao nhiêu,sản phẩm
samsung galaxy s23 ultra có phù hợp với nhu cầu sử dụng của tôi không,sản phẩm
tôi có thể mua samsung galaxy s23 ultra ở đâu,sản phẩm
thời gian bảo hành của samsung galaxy s23 ultra là bao lâu,sản phẩm
samsung galaxy s23 ultra có những phiên bản nào,sản phẩm
so sánh samsung galaxy s23 ultra với các dòng samsung galaxy khác,sản phẩm
samsung galaxy s23 ultra có những màu sắc nào,sản phẩm
samsung galaxy s23 ultra có những phụ kiện đi kèm nào,sản phẩm
tôi có thể xem đánh giá về samsung galaxy s23 ultra ở đâu,sản phẩm
samsung galaxy s23 ultra có chip xử lý nào,sản phẩm
dung lượng ram của samsung galaxy s23 ultra là bao nhiêu,sản phẩm
bộ nhớ trong của samsung galaxy s23 ultra là bao nhiêu,sản phẩm
camera của samsung galaxy s23 ultra có độ phân giải bao nhiêu,sản phẩm
màn hình của samsung galaxy s23 ultra có kích thước bao nhiêu,sản phẩm
công nghệ màn hình của samsung galaxy s23 ultra là gì,sản phẩm
samsung galaxy s23 ultra có hỗ trợ 5g không,sản phẩm
thời lượng pin của samsung galaxy s23 ultra là bao lâu,sản phẩm
samsung galaxy s23 ultra có thiết kế như thế nào,sản phẩm
chất liệu của samsung galaxy s23 ultra là gì,sản phẩm
samsung galaxy s23 ultra có bút s-pen không,sản phẩm
những tính năng của bút s-pen trên samsung galaxy s23 ultra là gì,sản phẩm
samsung galaxy s23 ultra có chống nước không,sản phẩm
tôi có thể trả góp khi mua samsung galaxy s23 ultra không,sản phẩm
chính sách bảo hành của samsung đối với samsung galaxy s23 ultra là gì,sản phẩm
tôi có thể liên hệ với trung tâm bảo hành của samsung ở đâu,sản phẩm
samsung có hỗ trợ cài đặt và hướng dẫn sử dụng samsung galaxy s23 ultra không,sản phẩm
samsung galaxy s23 ultra có những ứng dụng và tính năng độc quyền nào,sản phẩm
samsung galaxy s23 ultra có thể kết nối với các thiết bị nào,sản phẩm
samsung galaxy s23 ultra có những cải tiến về hiệu năng so với thế hệ trước,sản phẩm
samsung galaxy s23 ultra có những thay đổi về thiết kế so với thế hệ trước,sản phẩm
ipad pro m2 12.9 inch có những tính năng gì nổi bật,sản phẩm
giá của ipad pro m2 12.9 inch là bao nhiêu,sản phẩm
ipad pro m2 12.9 inch có phù hợp với nhu cầu sử dụng của tôi không,sản phẩm
tôi có thể mua ipad pro m2 12.9 inch ở đâu,sản phẩm
thời gian bảo hành của ipad pro m2 12.9 inch là bao lâu,sản phẩm
ipad pro m2 12.9 inch có những phiên bản nào,sản phẩm
so sánh ipad pro m2 12.9 inch với các dòng ipad khác,sản phẩm
ipad pro m2 12.9 inch có những màu sắc nào,sản phẩm
ipad pro m2 12.9 inch có những phụ kiện đi kèm nào,sản phẩm
tôi có thể xem đánh giá về ipad pro m2 12.9 inch ở đâu,sản phẩm
ipad pro m2 12.9 inch có chip xử lý nào,sản phẩm
dung lượng ram của ipad pro m2 12.9 inch là bao nhiêu,sản phẩm
bộ nhớ trong của ipad pro m2 12.9 inch là bao nhiêu,sản phẩm
màn hình của ipad pro m2 12.9 inch có kích thước bao nhiêu,sản phẩm
công nghệ màn hình của ipad pro m2 12.9 inch là gì,sản phẩm
ipad pro m2 12.9 inch có những cổng kết nối nào,sản phẩm
thời lượng pin của ipad pro m2 12.9 inch là bao lâu,sản phẩm
ipad pro m2 12.9 inch có thiết kế như thế nào,sản phẩm
chất liệu của ipad pro m2 12.9 inch là gì,sản phẩm
ipad pro m2 12.9 inch có apple pencil không,sản phẩm
ipad pro m2 12.9 inch có magic keyboard không,sản phẩm
ipad pro m2 12.9 inch có camera trước và sau không,sản phẩm
ipad pro m2 12.9 inch có loa stereo không,sản phẩm
ipad pro m2 12.9 inch có thể chạy được các ứng dụng nào,sản phẩm
ipad pro m2 12.9 inch có phù hợp cho công việc văn phòng không,sản phẩm
ipad pro m2 12.9 inch có phù hợp cho công việc thiết kế đồ họa không,sản phẩm
ipad pro m2 12.9 inch có phù hợp cho việc xem phim và giải trí không,sản phẩm
ipad pro m2 12.9 inch có thể kết nối với các thiết bị nào,sản phẩm
tôi có thể mua ipad pro m2 12.9 inch trả góp không,sản phẩm
chính sách bảo hành của apple đối với ipad pro m2 12.9 inch là gì,sản phẩm
tôi có thể liên hệ với trung tâm bảo hành của apple ở đâu,sản phẩm
apple có hỗ trợ cài đặt và hướng dẫn sử dụng ipad pro m2 12.9 inch không,sản phẩm
apple watch ultra có những tính năng gì nổi bật,sản phẩm
giá của apple watch ultra là bao nhiêu,sản phẩm
apple watch ultra có phù hợp với nhu cầu sử dụng của tôi không,sản phẩm
tôi có thể mua apple watch ultra ở đâu,sản phẩm
thời gian bảo hành của apple watch ultra là bao lâu,sản phẩm
apple watch ultra có những phiên bản nào,sản phẩm
so sánh apple watch ultra với các dòng apple watch khác,sản phẩm
apple watch ultra có những màu sắc nào,sản phẩm
apple watch ultra có những phụ kiện đi kèm nào,sản phẩm
tôi có thể xem đánh giá về apple watch ultra ở đâu,sản phẩm
apple watch ultra có chip xử lý nào,sản phẩm
apple watch ultra có những tính năng gì liên quan đến sức khỏe,sản phẩm
apple watch ultra có những tính năng gì liên quan đến thể thao,sản phẩm
apple watch ultra có gps không,sản phẩm
apple watch ultra có kết nối di động không,sản phẩm
apple watch ultra có chống nước không,sản phẩm
thời lượng pin của apple watch ultra là bao lâu,sản phẩm
apple watch ultra có thiết kế như thế nào,sản phẩm
chất liệu của apple watch ultra là gì,sản phẩm
apple watch ultra có màn hình always-on không,sản phẩm
apple watch ultra có thể đo nhịp tim không,sản phẩm
apple watch ultra có thể đo điện tâm đồ (ecg) không,sản phẩm
apple watch ultra có thể phát hiện té ngã không,sản phẩm
apple watch ultra có thể theo dõi giấc ngủ không,sản phẩm
apple watch ultra có thể nhận cuộc gọi và tin nhắn không,sản phẩm
apple watch ultra có thể thanh toán không tiếp xúc không,sản phẩm
apple watch ultra có thể tùy chỉnh mặt đồng hồ không,sản phẩm
tôi có thể thay dây đeo cho apple watch ultra không,sản phẩm
apple watch ultra có những tính năng đặc biệt nào dành cho thể thao chuyên nghiệp,sản phẩm
apple watch ultra có những tính năng mới nào so với các thế hệ trước,sản phẩm
apple watch ultra khi nào ra mắt,sản phẩm
tôi có thể mua apple watch ultra trả góp không,sản phẩm
chính sách bảo hành của apple đối với apple watch ultra là gì,sản phẩm
tôi có thể liên hệ với trung tâm bảo hành của apple ở đâu,sản phẩm
apple có hỗ trợ cài đặt và hướng dẫn sử dụng apple watch ultra không,sản phẩm
sony wh-1000xm5 có những tính năng gì nổi bật,sản phẩm
giá của sony wh-1000xm5 là bao nhiêu,sản phẩm
sony wh-1000xm5 có phù hợp với nhu cầu sử dụng của tôi không,sản phẩm
tôi có thể mua sony wh-1000xm5 ở đâu,sản phẩm
thời gian bảo hành của sony wh-1000xm5 là bao lâu,sản phẩm
sony wh-1000xm5 có những phiên bản nào,sản phẩm
so sánh sony wh-1000xm5 với các dòng tai nghe khác,sản phẩm
sony wh-1000xm5 có những màu sắc nào,sản phẩm
sony wh-1000xm5 có những phụ kiện đi kèm nào,sản phẩm
tôi có thể xem đánh giá về sony wh-1000xm5 ở đâu,sản phẩm
sony wh-1000xm5 có công nghệ chống ồn chủ động không,sản phẩm
khả năng chống ồn của sony wh-1000xm5 như thế nào,sản phẩm
sony wh-1000xm5 có chất lượng âm thanh như thế nào,sản phẩm
sony wh-1000xm5 có hỗ trợ âm thanh hi-res không,sản phẩm
sony wh-1000xm5 có kết nối bluetooth không,sản phẩm
sony wh-1000xm5 có nfc không,sản phẩm
thời lượng pin của sony wh-1000xm5 là bao lâu,sản phẩm
sony wh-1000xm5 có thiết kế như thế nào,sản phẩm
sony wh-1000xm5 có thoải mái khi đeo không,sản phẩm
sony wh-1000xm5 có micro để đàm thoại không,sản phẩm
chất lượng micro của sony wh-1000xm5 như thế nào,sản phẩm
sony wh-1000xm5 có thể điều khiển bằng giọng nói không,sản phẩm
sony wh-1000xm5 có ứng dụng đi kèm không,sản phẩm
những tính năng của ứng dụng sony headphones connect là gì,sản phẩm
sony wh-1000xm5 có thể kết nối với những thiết bị nào,sản phẩm
sony wh-1000xm5 có những cải tiến gì so với thế hệ trước,sản phẩm
tôi có thể mua sony wh-1000xm5 trả góp không,sản phẩm
chính sách bảo hành của sony đối với sony wh-1000xm5 là gì,sản phẩm
tôi có thể liên hệ với trung tâm bảo hành của sony ở đâu,sản phẩm
sony có hỗ trợ cài đặt và hướng dẫn sử dụng sony wh-1000xm5 không,sản phẩm
samsung qled 65 inch 4k có những tính năng gì nổi bật,sản phẩm
giá của samsung qled 65 inch 4k là bao nhiêu,sản phẩm
samsung qled 65 inch 4k có phù hợp với nhu cầu sử dụng của tôi không,sản phẩm
tôi có thể mua samsung qled 65 inch 4k ở đâu,sản phẩm
thời gian bảo hành của samsung qled 65 inch 4k là bao lâu,sản phẩm
samsung qled 65 inch 4k có những phiên bản nào,sản phẩm
so sánh samsung qled 65 inch 4k với các dòng tv samsung khác,sản phẩm
samsung qled 65 inch 4k có những màu sắc nào,sản phẩm
samsung qled 65 inch 4k có những phụ kiện đi kèm nào,sản phẩm
tôi có thể xem đánh giá về samsung qled 65 inch 4k ở đâu,sản phẩm
samsung qled 65 inch 4k có độ phân giải bao nhiêu,sản phẩm
công nghệ màn hình của samsung qled 65 inch 4k là gì,sản phẩm
samsung qled 65 inch 4k có công nghệ quantum hdr không,sản phẩm
tần số quét của samsung qled 65 inch 4k là bao nhiêu,sản phẩm
samsung qled 65 inch 4k có những cổng kết nối nào,sản phẩm
samsung qled 65 inch 4k có smart tv không,sản phẩm
hệ điều hành của samsung qled 65 inch 4k là gì,sản phẩm
những ứng dụng có thể cài đặt trên samsung qled 65 inch 4k là gì,sản phẩm
samsung qled 65 inch 4k có thể xem phim 4k không,sản phẩm
samsung qled 65 inch 4k có thể chơi game không,sản phẩm
samsung qled 65 inch 4k có thể kết nối với điện thoại không,sản phẩm
samsung qled 65 inch 4k có thể điều khiển bằng giọng nói không,sản phẩm
samsung qled 65 inch 4k có loa tích hợp không,sản phẩm
chất lượng âm thanh của samsung qled 65 inch 4k như thế nào,sản phẩm
samsung qled 65 inch 4k có thiết kế như thế nào,sản phẩm
kích thước của samsung qled 65 inch 4k là bao nhiêu,sản phẩm
trọng lượng của samsung qled 65 inch 4k là bao nhiêu,sản phẩm
samsung qled 65 inch 4k có thể treo tường không,sản phẩm
tôi có thể mua samsung qled 65 inch 4k trả góp không,sản phẩm
chính sách bảo hành của samsung đối với samsung qled 65 inch 4k là gì,sản phẩm
tôi có thể liên hệ với trung tâm bảo hành của samsung ở đâu,sản phẩm
samsung có hỗ trợ cài đặt và hướng dẫn sử dụng samsung qled 65 inch 4k không,sản phẩm
lg oled c2 55 inch có những tính năng gì nổi bật,sản phẩm
giá của lg oled c2 55 inch là bao nhiêu,sản phẩm
lg oled c2 55 inch có phù hợp với nhu cầu sử dụng của tôi không,sản phẩm
tôi có thể mua lg oled c2 55 inch ở đâu,sản phẩm
thời gian bảo hành của lg oled c2 55 inch là bao lâu,sản phẩm
lg oled c2 55 inch có những phiên bản nào,sản phẩm
so sánh lg oled c2 55 inch với các dòng tv lg khác,sản phẩm
lg oled c2 55 inch có những màu sắc nào,sản phẩm
lg oled c2 55 inch có những phụ kiện đi kèm nào,sản phẩm
tôi có thể xem đánh giá về lg oled c2 55 inch ở đâu,sản phẩm
lg oled c2 55 inch có độ phân giải bao nhiêu,sản phẩm
công nghệ màn hình của lg oled c2 55 inch là gì,sản phẩm
lg oled c2 55 inch có dolby vision không,sản phẩm
lg oled c2 55 inch có tần số quét bao nhiêu,sản phẩm
lg oled c2 55 inch có những cổng kết nối nào,sản phẩm
lg oled c2 55 inch có smart tv không,sản phẩm
hệ điều hành của lg oled c2 55 inch là gì,sản phẩm
những ứng dụng có thể cài đặt trên lg oled c2 55 inch là gì,sản phẩm
lg oled c2 55 inch có thể xem phim 4k không,sản phẩm
lg oled c2 55 inch có thể chơi game không,sản phẩm
lg oled c2 55 inch có thể kết nối với điện thoại không,sản phẩm
lg oled c2 55 inch có thể điều khiển bằng giọng nói không,sản phẩm
lg oled c2 55 inch có loa tích hợp không,sản phẩm
chất lượng âm thanh của lg oled c2 55 inch như thế nào,sản phẩm
lg oled c2 55 inch có thiết kế như thế nào,sản phẩm
kích thước của lg oled c2 55 inch là bao nhiêu,sản phẩm
trọng lượng của lg oled c2 55 inch là bao nhiêu,sản phẩm
lg oled c2 55 inch có thể treo tường không,sản phẩm
tôi có thể mua lg oled c2 55 inch trả góp không,sản phẩm
chính sách bảo hành của lg đối với lg oled c2 55 inch là gì,sản phẩm
tôi có thể liên hệ với trung tâm bảo hành của lg ở đâu,sản phẩm
lg có hỗ trợ cài đặt và hướng dẫn sử dụng lg oled c2 55 inch không,sản phẩm
playstation 5 có những tính năng gì nổi bật,sản phẩm
giá của playstation 5 là bao nhiêu,sản phẩm
playstation 5 có phù hợp với nhu cầu sử dụng của tôi không,sản phẩm
tôi có thể mua playstation 5 ở đâu,sản phẩm
thời gian bảo hành của playstation 5 là bao lâu,sản phẩm
playstation 5 có những phiên bản nào,sản phẩm
so sánh playstation 5 với các dòng máy chơi game khác,sản phẩm
playstation 5 có những màu sắc nào,sản phẩm
playstation 5 có những phụ kiện đi kèm nào,sản phẩm
tôi có thể xem đánh giá về playstation 5 ở đâu,sản phẩm
playstation 5 có chip xử lý nào,sản phẩm
dung lượng ram của playstation 5 là bao nhiêu,sản phẩm
ổ cứng của playstation 5 là loại gì và dung lượng bao nhiêu,sản phẩm
card đồ họa của playstation 5 là gì,sản phẩm
playstation 5 có hỗ trợ độ phân giải nào,sản phẩm
playstation 5 có hỗ trợ ray tracing không,sản phẩm
playstation 5 có ổ đĩa bluray không,sản phẩm
tay cầm của playstation 5 có những tính năng gì,sản phẩm
playstation 5 có thể chơi được những game nào,sản phẩm
playstation 5 có thể chơi được game ps4 không,sản phẩm
playstation 5 có thể chơi online được không,sản phẩm
playstation 5 có thể kết nối với tv nào,sản phẩm
playstation 5 có thể kết nối với tai nghe không,sản phẩm
playstation 5 có thể kết nối với ổ cứng ngoài không,sản phẩm
playstation 5 có thể xem phim bluray không,sản phẩm
playstation 5 có thể xem phim trực tuyến không,sản phẩm
playstation 5 có thể nghe nhạc không,sản phẩm
playstation 5 có thể cài đặt ứng dụng không,sản phẩm
playstation 5 có thể điều khiển bằng giọng nói không,sản phẩm
playstation 5 có thể chia sẻ game với bạn bè không,sản phẩm
playstation 5 có thể stream game lên twitch không,sản phẩm
playstation 5 có thể remote play với điện thoại không,sản phẩm
tôi có thể mua playstation 5 trả góp không,sản phẩm
chính sách bảo hành của sony đối với playstation 5 là gì,sản phẩm
tôi có thể liên hệ với trung tâm bảo hành của sony ở đâu,sản phẩm
sony có hỗ trợ cài đặt và hướng dẫn sử dụng playstation 5 không,sản phẩm
xbox series x có những tính năng gì nổi bật,sản phẩm
giá của xbox series x là bao nhiêu,sản phẩm
xbox series x có phù hợp với nhu cầu sử dụng của tôi không,sản phẩm
tôi có thể mua xbox series x ở đâu,sản phẩm
thời gian bảo hành của xbox series x là bao lâu,sản phẩm
xbox series x có những phiên bản nào,sản phẩm
so sánh xbox series x với các dòng máy chơi game khác,sản phẩm
xbox series x có những màu sắc nào,sản phẩm
xbox series x có những phụ kiện đi kèm nào,sản phẩm
tôi có thể xem đánh giá về xbox series x ở đâu,sản phẩm
xbox series x có chip xử lý nào,sản phẩm
dung lượng ram của xbox series x là bao nhiêu,sản phẩm
ổ cứng của xbox series x là loại gì và dung lượng bao nhiêu,sản phẩm
card đồ họa của xbox series x là gì,sản phẩm
xbox series x có hỗ trợ độ phân giải nào,sản phẩm
xbox series x có hỗ trợ ray tracing không,sản phẩm
xbox series x có ổ đĩa bluray không,sản phẩm
tay cầm của xbox series x có những tính năng gì,sản phẩm
xbox series x có thể chơi được những game nào,sản phẩm
xbox series x có thể chơi được game xbox one không,sản phẩm
xbox series x có thể chơi online được không,sản phẩm
xbox series x có thể kết nối với tv nào,sản phẩm
xbox series x có thể kết nối với tai nghe không,sản phẩm
xbox series x có thể kết nối với ổ cứng ngoài không,sản phẩm
xbox series x có thể xem phim bluray không,sản phẩm
xbox series x có thể xem phim trực tuyến không,sản phẩm
xbox series x có thể nghe nhạc không,sản phẩm
xbox series x có thể cài đặt ứng dụng không,sản phẩm
xbox series x có thể điều khiển bằng giọng nói không,sản phẩm
xbox series x có thể chia sẻ game với bạn bè không,sản phẩm
xbox series x có thể stream game lên twitch không,sản phẩm
xbox series x có thể remote play với điện thoại không,sản phẩm
tôi có thể mua xbox series x trả góp không,sản phẩm
chính sách bảo hành của microsoft đối với xbox series x là gì,sản phẩm
tôi có thể liên hệ với trung tâm bảo hành của microsoft ở đâu,sản phẩm
microsoft có hỗ trợ cài đặt và hướng dẫn sử dụng xbox series x không,sản phẩm
xbox game pass là gì,sản phẩm
xbox series x có những tính năng đặc biệt nào so với xbox one,sản phẩm
robot hút bụi xiaomi vacuum x10 có những tính năng gì nổi bật,sản phẩm
giá của robot hút bụi xiaomi vacuum x10 là bao nhiêu,sản phẩm
robot hút bụi xiaomi vacuum x10 có phù hợp với nhu cầu sử dụng của tôi không,sản phẩm
tôi có thể mua robot hút bụi xiaomi vacuum x10 ở đâu,sản phẩm
thời gian bảo hành của robot hút bụi xiaomi vacuum x10 là bao lâu,sản phẩm
robot hút bụi xiaomi vacuum x10 có những phiên bản nào,sản phẩm
so sánh robot hút bụi xiaomi vacuum x10 với các dòng robot hút bụi khác,sản phẩm
robot hút bụi xiaomi vacuum x10 có những màu sắc nào,sản phẩm
robot hút bụi xiaomi vacuum x10 có những phụ kiện đi kèm nào,sản phẩm
tôi có thể xem đánh giá về robot hút bụi xiaomi vacuum x10 ở đâu,sản phẩm
robot hút bụi xiaomi vacuum x10 có ai điều hướng không,sản phẩm
robot hút bụi xiaomi vacuum x10 có thể tự động lập bản đồ nhà không,sản phẩm
robot hút bụi xiaomi vacuum x10 có thể vượt qua chướng ngại vật nào,sản phẩm
robot hút bụi xiaomi vacuum x10 có thể hút được những loại bụi bẩn nào,sản phẩm
robot hút bụi xiaomi vacuum x10 có thể lau nhà không,sản phẩm
robot hút bụi xiaomi vacuum x10 có thể điều khiển bằng điện thoại không,sản phẩm
ứng dụng điều khiển robot hút bụi xiaomi vacuum x10 là gì,sản phẩm
robot hút bụi xiaomi vacuum x10 có thể cài đặt lịch trình làm việc không,sản phẩm
robot hút bụi xiaomi vacuum x10 có thể tự động quay về dock sạc không,sản phẩm
robot hút bụi xiaomi vacuum x10 có thể tự động đổ rác không,sản phẩm
robot hút bụi xiaomi vacuum x10 có thể nhận diện cầu thang không,sản phẩm
robot hút bụi xiaomi vacuum x10 có thể làm sạch dưới gầm giường và gầm tủ không,sản phẩm
robot hút bụi xiaomi vacuum x10 có thể làm sạch thảm không,sản phẩm
robot hút bụi xiaomi vacuum x10 có thể làm sạch lông thú cưng không,sản phẩm
robot hút bụi xiaomi vacuum x10 có thể điều khiển bằng giọng nói không,sản phẩm
robot hút bụi xiaomi vacuum x10 có thể kết nối với những thiết bị thông minh khác không,sản phẩm
thời gian hoạt động của robot hút bụi xiaomi vacuum x10 là bao lâu,sản phẩm
dung tích hộp bụi của robot hút bụi xiaomi vacuum x10 là bao nhiêu,sản phẩm
độ ồn của robot hút bụi xiaomi vacuum x10 là bao nhiêu,sản phẩm
robot hút bụi xiaomi vacuum x10 có những chế độ làm sạch nào,sản phẩm
robot hút bụi xiaomi vacuum x10 khi nào ra mắt,sản phẩm
tôi có thể mua robot hút bụi xiaomi vacuum x10 trả góp không,sản phẩm
chính sách bảo hành của xiaomi đối với robot hút bụi xiaomi vacuum x10 là gì,sản phẩm
tôi có thể liên hệ với trung tâm bảo hành của xiaomi ở đâu,sản phẩm
xiaomi có hỗ trợ cài đặt và hướng dẫn sử dụng robot hút bụi xiaomi vacuum x10 không,sản phẩm
tủ lạnh samsung family hub có những tính năng gì nổi bật,sản phẩm
giá của tủ lạnh samsung family hub là bao nhiêu,sản phẩm
tủ lạnh samsung family hub có phù hợp với nhu cầu sử dụng của tôi không,sản phẩm
tôi có thể mua tủ lạnh samsung family hub ở đâu,sản phẩm
thời gian bảo hành của tủ lạnh samsung family hub là bao lâu,sản phẩm
tủ lạnh samsung family hub có những phiên bản nào,sản phẩm
so sánh tủ lạnh samsung family hub với các dòng tủ lạnh samsung khác,sản phẩm
tủ lạnh samsung family hub có những màu sắc nào,sản phẩm
tủ lạnh samsung family hub có những phụ kiện đi kèm nào,sản phẩm
tôi có thể xem đánh giá về tủ lạnh samsung family hub ở đâu,sản phẩm
tủ lạnh samsung family hub có dung tích bao nhiêu,sản phẩm
tủ lạnh samsung family hub có những ngăn chứa nào,sản phẩm
tủ lạnh samsung family hub có công nghệ làm lạnh nào,sản phẩm
tủ lạnh samsung family hub có công nghệ tiết kiệm điện không,sản phẩm
tủ lạnh samsung family hub có màn hình cảm ứng không,sản phẩm
những tính năng của màn hình cảm ứng trên tủ lạnh samsung family hub là gì,sản phẩm
tủ lạnh samsung family hub có kết nối wifi không,sản phẩm
tủ lạnh samsung family hub có thể kết nối với điện thoại không,sản phẩm
tủ lạnh samsung family hub có thể điều khiển bằng giọng nói không,sản phẩm
tủ lạnh samsung family hub có thể xem phim và nghe nhạc không,sản phẩm
tủ lạnh samsung family hub có thể đặt hàng thực phẩm trực tuyến không,sản phẩm
tủ lạnh samsung family hub có thể xem camera bên trong không,sản phẩm
tủ lạnh samsung family hub có thể ghi chú và lên lịch không,sản phẩm
tủ lạnh samsung family hub có thể kết nối với những thiết bị thông minh khác không,sản phẩm
tủ lạnh samsung family hub có những tính năng đặc biệt nào,sản phẩm
tủ lạnh samsung family hub có thể tự động điều chỉnh nhiệt độ không,sản phẩm
tủ lạnh samsung family hub có thể tự động rã đông không,sản phẩm
tủ lạnh samsung family hub có thể làm đá tự động không,sản phẩm
tủ lạnh samsung family hub có thể lấy nước ngoài không,sản phẩm
tủ lạnh samsung family hub có thể khử mùi không,sản phẩm
tôi có thể mua tủ lạnh samsung family hub trả góp không,sản phẩm
chính sách bảo hành của samsung đối với tủ lạnh samsung family hub là gì,sản phẩm
tôi có thể liên hệ với trung tâm bảo hành của samsung ở đâu,sản phẩm
samsung có hỗ trợ cài đặt và hướng dẫn sử dụng tủ lạnh samsung family hub không,sản phẩm
máy giặt lg inverter 10kg có những tính năng gì nổi bật,sản phẩm
giá của máy giặt lg inverter 10kg là bao nhiêu,sản phẩm
máy giặt lg inverter 10kg có phù hợp với nhu cầu sử dụng của tôi không,sản phẩm
tôi có thể mua máy giặt lg inverter 10kg ở đâu,sản phẩm
thời gian bảo hành của máy giặt lg inverter 10kg là bao lâu,sản phẩm
máy giặt lg inverter 10kg có những phiên bản nào,sản phẩm
so sánh máy giặt lg inverter 10kg với các dòng máy giặt lg khác,sản phẩm
máy giặt lg inverter 10kg có những màu sắc nào,sản phẩm
máy giặt lg inverter 10kg có những phụ kiện đi kèm nào,sản phẩm
tôi có thể xem đánh giá về máy giặt lg inverter 10kg ở đâu,sản phẩm
máy giặt lg inverter 10kg có khối lượng giặt bao nhiêu,sản phẩm
máy giặt lg inverter 10kg có công nghệ inverter không,sản phẩm
máy giặt lg inverter 10kg có công nghệ ai dd không,sản phẩm
những ưu điểm của công nghệ ai dd trên máy giặt lg inverter 10kg là gì,sản phẩm
máy giặt lg inverter 10kg có những chế độ giặt nào,sản phẩm
máy giặt lg inverter 10kg có chế độ giặt nhanh không,sản phẩm
máy giặt lg inverter 10kg có chế độ giặt đồ len không,sản phẩm
máy giặt lg inverter 10kg có chế độ giặt đồ trẻ em không,sản phẩm
máy giặt lg inverter 10kg có chế độ giặt hơi nước không,sản phẩm
máy giặt lg inverter 10kg có chế độ giặt tiết kiệm điện không,sản phẩm
máy giặt lg inverter 10kg có thể giặt được những loại vải nào,sản phẩm
máy giặt lg inverter 10kg có thể giặt chăn ga gối nệm không,sản phẩm
máy giặt lg inverter 10kg có thể tự động cân bằng đồ giặt không,sản phẩm
máy giặt lg inverter 10kg có thể tự động vệ sinh lồng giặt không,sản phẩm
máy giặt lg inverter 10kg có thể điều khiển bằng điện thoại không,sản phẩm
ứng dụng điều khiển máy giặt lg inverter 10kg là gì,sản phẩm
máy giặt lg inverter 10kg có thể cài đặt hẹn giờ giặt không,sản phẩm
máy giặt lg inverter 10kg có thể thêm đồ trong khi giặt không,sản phẩm
máy giặt lg inverter 10kg có khóa trẻ em không,sản phẩm
máy giặt lg inverter 10kg có thể tự động chẩn đoán lỗi không,sản phẩm
máy giặt lg inverter 10kg có thể kết nối với những thiết bị thông minh khác không,sản phẩm
máy giặt lg inverter 10kg có những tính năng đặc biệt nào,sản phẩm
máy giặt lg inverter 10kg có thể lắp đặt âm tủ không,sản phẩm
tôi có thể mua máy giặt lg inverter 10kg trả góp không,sản phẩm
chính sách bảo hành của lg đối với máy giặt lg inverter 10kg là gì,sản phẩm
tôi có thể liên hệ với trung tâm bảo hành của lg ở đâu,sản phẩm
lg có hỗ trợ cài đặt và hướng dẫn sử dụng máy giặt lg inverter 10kg không,sản phẩm
loa jbl charge 5 có những tính năng gì nổi bật,sản phẩm
giá của loa jbl charge 5 là bao nhiêu,sản phẩm
loa jbl charge 5 có phù hợp với nhu cầu sử dụng của tôi không,sản phẩm
tôi có thể mua loa jbl charge 5 ở đâu,sản phẩm
thời gian bảo hành của loa jbl charge 5 là bao lâu,sản phẩm
loa jbl charge 5 có những phiên bản nào,sản phẩm
so sánh loa jbl charge 5 với các dòng loa jbl khác,sản phẩm
loa jbl charge 5 có những màu sắc nào,sản phẩm
loa jbl charge 5 có những phụ kiện đi kèm nào,sản phẩm
tôi có thể xem đánh giá về loa jbl charge 5 ở đâu,sản phẩm
loa jbl charge 5 có công nghệ bluetooth nào,sản phẩm
loa jbl charge 5 có chống nước không,sản phẩm
mức độ chống nước của loa jbl charge 5 là bao nhiêu,sản phẩm
loa jbl charge 5 có chất lượng âm thanh như thế nào,sản phẩm
loa jbl charge 5 có âm bass mạnh mẽ không,sản phẩm
loa jbl charge 5 có thể kết nối với những thiết bị nào,sản phẩm
loa jbl charge 5 có thể kết nối với nhiều loa cùng lúc không,sản phẩm
tính năng partyboost trên loa jbl charge 5 là gì,sản phẩm
thời lượng pin của loa jbl charge 5 là bao lâu,sản phẩm
loa jbl charge 5 có thể sạc pin cho thiết bị khác không,sản phẩm
loa jbl charge 5 có cổng kết nối nào,sản phẩm
loa jbl charge 5 có micro để đàm thoại không,sản phẩm
loa jbl charge 5 có thể điều khiển bằng giọng nói không,sản phẩm
loa jbl charge 5 có ứng dụng điều khiển không,sản phẩm
những tính năng của ứng dụng jbl portable là gì,sản phẩm
loa jbl charge 5 có thiết kế như thế nào,sản phẩm
kích thước của loa jbl charge 5 là bao nhiêu,sản phẩm
trọng lượng của loa jbl charge 5 là bao nhiêu,sản phẩm
loa jbl charge 5 có thể mang đi du lịch không,sản phẩm
loa jbl charge 5 có thể sử dụng trong nhà và ngoài trời không,sản phẩm
tôi có thể mua loa jbl charge 5 trả góp không,sản phẩm
chính sách bảo hành của jbl đối với loa jbl charge 5 là gì,sản phẩm
tôi có thể liên hệ với trung tâm bảo hành của jbl ở đâu,sản phẩm
jbl có hỗ trợ cài đặt và hướng dẫn sử dụng loa jbl charge 5 không,sản phẩm
bàn phím cơ keychron k8 có những tính năng gì nổi bật,sản phẩm
giá của bàn phím cơ keychron k8 là bao nhiêu,sản phẩm
bàn phím cơ keychron k8 có phù hợp với nhu cầu sử dụng của tôi không,sản phẩm
tôi có thể mua bàn phím cơ keychron k8 ở đâu,sản phẩm
thời gian bảo hành của bàn phím cơ keychron k8 là bao lâu,sản phẩm
bàn phím cơ keychron k8 có những phiên bản nào,sản phẩm
so sánh bàn phím cơ keychron k8 với các dòng bàn phím cơ khác,sản phẩm
bàn phím cơ keychron k8 có những màu sắc nào,sản phẩm
bàn phím cơ keychron k8 có những phụ kiện đi kèm nào,sản phẩm
tôi có thể xem đánh giá về bàn phím cơ keychron k8 ở đâu,sản phẩm
bàn phím cơ keychron k8 có công tắc cơ (switch) loại nào,sản phẩm
bàn phím cơ keychron k8 có thể thay thế công tắc cơ (switch) không,sản phẩm
bàn phím cơ keychron k8 có keycap loại gì,sản phẩm
bàn phím cơ keychron k8 có đèn led nền không,sản phẩm
bàn phím cơ keychron k8 có thể kết nối không dây không,sản phẩm
bàn phím cơ keychron k8 có thể kết nối có dây không,sản phẩm
bàn phím cơ keychron k8 có thể kết nối với mac và windows không,sản phẩm
bàn phím cơ keychron k8 có bố cục (layout) nào,sản phẩm
bàn phím cơ keychron k8 có bao nhiêu phím,sản phẩm
bàn phím cơ keychron k8 có thể tùy chỉnh phím macro không,sản phẩm
bàn phím cơ keychron k8 có thể tùy chỉnh đèn led nền không,sản phẩm
thời lượng pin của bàn phím cơ keychron k8 là bao lâu,sản phẩm
bàn phím cơ keychron k8 có cổng kết nối nào,sản phẩm
bàn phím cơ keychron k8 có thiết kế như thế nào,sản phẩm
kích thước của bàn phím cơ keychron k8 là bao nhiêu,sản phẩm
trọng lượng của bàn phím cơ keychron k8 là bao nhiêu,sản phẩm
bàn phím cơ keychron k8 có phù hợp cho việc gõ văn bản không,sản phẩm
bàn phím cơ keychron k8 có phù hợp cho việc chơi game không,sản phẩm
bàn phím cơ keychron k8 có thể mang đi du lịch không,sản phẩm
bàn phím cơ keychron k8 có thể sử dụng trong văn phòng không,sản phẩm
tôi có thể mua bàn phím cơ keychron k8 trả góp không,sản phẩm
chính sách bảo hành của keychron đối với bàn phím cơ keychron k8 là gì,sản phẩm
tôi có thể liên hệ với trung tâm bảo hành của keychron ở đâu,sản phẩm
keychron có hỗ trợ cài đặt và hướng dẫn sử dụng bàn phím cơ keychron k8 không,sản phẩm
màn hình dell ultrasharp 27 inch có những tính năng gì nổi bật,sản phẩm
giá của màn hình dell ultrasharp 27 inch là bao nhiêu,sản phẩm
màn hình dell ultrasharp 27 inch có phù hợp với nhu cầu sử dụng của tôi không,sản phẩm
tôi có thể mua màn hình dell ultrasharp 27 inch ở đâu,sản phẩm
thời gian bảo hành của màn hình dell ultrasharp 27 inch là bao lâu,sản phẩm
màn hình dell ultrasharp 27 inch có những phiên bản nào,sản phẩm
so sánh màn hình dell ultrasharp 27 inch với các dòng màn hình dell khác,sản phẩm
màn hình dell ultrasharp 27 inch có những màu sắc nào,sản phẩm
màn hình dell ultrasharp 27 inch có những phụ kiện đi kèm nào,sản phẩm
tôi có thể xem đánh giá về màn hình dell ultrasharp 27 inch ở đâu,sản phẩm
màn hình dell ultrasharp 27 inch có kích thước bao nhiêu,sản phẩm
màn hình dell ultrasharp 27 inch có độ phân giải bao nhiêu,sản phẩm
màn hình dell ultrasharp 27 inch có tấm nền ips không,sản phẩm
màn hình dell ultrasharp 27 inch có màu sắc chính xác không,sản phẩm
màn hình dell ultrasharp 27 inch có tần số quét bao nhiêu,sản phẩm
màn hình dell ultrasharp 27 inch có thời gian phản hồi bao nhiêu,sản phẩm
màn hình dell ultrasharp 27 inch có những cổng kết nối nào,sản phẩm
màn hình dell ultrasharp 27 inch có loa tích hợp không,sản phẩm
màn hình dell ultrasharp 27 inch có thể điều chỉnh độ cao không,sản phẩm
màn hình dell ultrasharp 27 inch có thể xoay dọc không,sản phẩm
màn hình dell ultrasharp 27 inch có thể treo tường không,sản phẩm
màn hình dell ultrasharp 27 inch có phù hợp cho công việc thiết kế đồ họa không,sản phẩm
màn hình dell ultrasharp 27 inch có phù hợp cho việc chơi game không,sản phẩm
màn hình dell ultrasharp 27 inch có phù hợp cho việc xem phim không,sản phẩm
màn hình dell ultrasharp 27 inch có thể kết nối với laptop và máy tính để bàn không,sản phẩm
màn hình dell ultrasharp 27 inch có thể kết nối với máy chơi game không,sản phẩm
màn hình dell ultrasharp 27 inch có thể kết nối với điện thoại không,sản phẩm
màn hình dell ultrasharp 27 inch có thể kết nối với máy tính bảng không,sản phẩm
màn hình dell ultrasharp 27 inch có thể kết nối với những thiết bị nào khác,sản phẩm
màn hình dell ultrasharp 27 inch có những tính năng đặc biệt nào,sản phẩm
tôi có thể mua màn hình dell ultrasharp 27 inch trả góp không,sản phẩm
chính sách bảo hành của dell đối với màn hình dell ultrasharp 27 inch là gì,sản phẩm
tôi có thể liên hệ với trung tâm bảo hành của dell ở đâu,sản phẩm
dell có hỗ trợ cài đặt và hướng dẫn sử dụng màn hình dell ultrasharp 27 inch không,sản phẩm
apple pencil 2 có những tính năng gì nổi bật,sản phẩm
giá của apple pencil 2 là bao nhiêu,sản phẩm
apple pencil 2 có phù hợp với nhu cầu sử dụng của tôi không,sản phẩm
tôi có thể mua apple pencil 2 ở đâu,sản phẩm
thời gian bảo hành của apple pencil 2 là bao lâu,sản phẩm
apple pencil 2 có những phiên bản nào,sản phẩm
so sánh apple pencil 2 với các dòng apple pencil khác,sản phẩm
apple pencil 2 có những màu sắc nào,sản phẩm
apple pencil 2 có những phụ kiện đi kèm nào,sản phẩm
tôi có thể xem đánh giá về apple pencil 2 ở đâu,sản phẩm
apple pencil 2 có thể sử dụng với những dòng ipad nào,sản phẩm
apple pencil 2 có thể sạc không dây không,sản phẩm
cách sạc không dây apple pencil 2 như thế nào,sản phẩm
apple pencil 2 có thể sạc có dây không,sản phẩm
thời lượng pin của apple pencil 2 là bao lâu,sản phẩm
apple pencil 2 có thể vẽ và viết trên ipad không,sản phẩm
apple pencil 2 có thể dùng để ghi chú trên ipad không,sản phẩm
apple pencil 2 có thể dùng để chỉnh sửa ảnh và video trên ipad không,sản phẩm
apple pencil 2 có thể dùng để điều khiển ipad không,sản phẩm
apple pencil 2 có thể dùng để chơi game trên ipad không,sản phẩm
apple pencil 2 có thể dùng để ký tên trên ipad không,sản phẩm
apple pencil 2 có thể dùng để vẽ kỹ thuật trên ipad không,sản phẩm
apple pencil 2 có những tính năng đặc biệt nào,sản phẩm
apple pencil 2 có thể thay thế đầu bút không,sản phẩm
những loại đầu bút nào có thể sử dụng với apple pencil 2,sản phẩm
apple pencil 2 có thể kết nối với iphone không,sản phẩm
apple pencil 2 có thể kết nối với macbook không,sản phẩm
apple pencil 2 có thể kết nối với những thiết bị nào khác,sản phẩm
apple pencil 2 có thiết kế như thế nào,sản phẩm
kích thước của apple pencil 2 là bao nhiêu,sản phẩm
trọng lượng của apple pencil 2 là bao nhiêu,sản phẩm
apple pencil 2 có thể mang đi du lịch không,sản phẩm
apple pencil 2 có thể sử dụng trong văn phòng không,sản phẩm
tôi có thể mua apple pencil 2 trả góp không,sản phẩm
chính sách bảo hành của apple đối với apple pencil 2 là gì,sản phẩm
tôi có thể liên hệ với trung tâm bảo hành của apple ở đâu,sản phẩm
apple có hỗ trợ cài đặt và hướng dẫn sử dụng apple pencil 2 không,sản phẩm
máy lọc không khí sharp có những tính năng gì nổi bật,sản phẩm
giá của máy lọc không khí sharp là bao nhiêu,sản phẩm
máy lọc không khí sharp có phù hợp với nhu cầu sử dụng của tôi không,sản phẩm
tôi có thể mua máy lọc không khí sharp ở đâu,sản phẩm
thời gian bảo hành của máy lọc không khí sharp là bao lâu,sản phẩm
máy lọc không khí sharp có những phiên bản nào,sản phẩm
so sánh máy lọc không khí sharp với các dòng máy lọc không khí khác,sản phẩm
máy lọc không khí sharp có những màu sắc nào,sản phẩm
máy lọc không khí sharp có những phụ kiện đi kèm nào,sản phẩm
tôi có thể xem đánh giá về máy lọc không khí sharp ở đâu,sản phẩm
máy lọc không khí sharp có công nghệ plasmacluster không,sản phẩm
công nghệ plasmacluster trên máy lọc không khí sharp là gì,sản phẩm
máy lọc không khí sharp có thể lọc được những loại bụi bẩn nào,sản phẩm
máy lọc không khí sharp có thể lọc được những loại vi khuẩn và virus nào,sản phẩm
máy lọc không khí sharp có thể khử mùi không,sản phẩm
máy lọc không khí sharp có thể tạo ẩm không,sản phẩm
máy lọc không khí sharp có những chế độ lọc nào,sản phẩm
máy lọc không khí sharp có thể điều khiển bằng điện thoại không,sản phẩm
ứng dụng điều khiển máy lọc không khí sharp là gì,sản phẩm
máy lọc không khí sharp có thể cài đặt hẹn giờ lọc không,sản phẩm
máy lọc không khí sharp có thể tự động điều chỉnh chế độ lọc không,sản phẩm
máy lọc không khí sharp có thể nhận diện chất lượng không khí không,sản phẩm
máy lọc không khí sharp có thể hiển thị chất lượng không khí không,sản phẩm
máy lọc không khí sharp có thể kết nối với những thiết bị thông minh khác không,sản phẩm
máy lọc không khí sharp có những tính năng đặc biệt nào,sản phẩm
máy lọc không khí sharp có thể lọc được không khí trong phòng có diện tích bao nhiêu,sản phẩm
máy lọc không khí sharp có thể thay thế màng lọc không,sản phẩm
những loại màng lọc nào có thể sử dụng cho máy lọc không khí sharp,sản phẩm
thời gian thay thế màng lọc của máy lọc không khí sharp là bao lâu,sản phẩm
độ ồn của máy lọc không khí sharp là bao nhiêu,sản phẩm
máy lọc không khí sharp có thể mang đi du lịch không,sản phẩm
máy lọc không khí sharp có thể sử dụng trong văn phòng không,sản phẩm
tôi có thể mua máy lọc không khí sharp trả góp không,sản phẩm
chính sách bảo hành của sharp đối với máy lọc không khí sharp là gì,sản phẩm
tôi có thể liên hệ với trung tâm bảo hành của sharp ở đâu,sản phẩm
sharp có hỗ trợ cài đặt và hướng dẫn sử dụng máy lọc không khí sharp không,sản phẩm
ổ cứng di động samsung t7 có những tính năng gì nổi bật,sản phẩm
giá của ổ cứng di động samsung t7 là bao nhiêu,sản phẩm
ổ cứng di động samsung t7 có phù hợp với nhu cầu sử dụng của tôi không,sản phẩm
tôi có thể mua ổ cứng di động samsung t7 ở đâu,sản phẩm
thời gian bảo hành của ổ cứng di động samsung t7 là bao lâu,sản phẩm
ổ cứng di động samsung t7 có những phiên bản nào,sản phẩm
so sánh ổ cứng di động samsung t7 với các dòng ổ cứng di động khác,sản phẩm
ổ cứng di động samsung t7 có những màu sắc nào,sản phẩm
ổ cứng di động samsung t7 có những phụ kiện đi kèm nào,sản phẩm
tôi có thể xem đánh giá về ổ cứng di động samsung t7 ở đâu,sản phẩm
ổ cứng di động samsung t7 có dung lượng bao nhiêu,sản phẩm
ổ cứng di động samsung t7 có tốc độ đọc ghi như thế nào,sản phẩm
ổ cứng di động samsung t7 có giao diện kết nối nào,sản phẩm
ổ cứng di động samsung t7 có thể kết nối với những thiết bị nào,sản phẩm
ổ cứng di động samsung t7 có thể sử dụng với hệ điều hành nào,sản phẩm
ổ cứng di động samsung t7 có thể mã hóa dữ liệu không,sản phẩm
ổ cứng di động samsung t7 có phần mềm quản lý không,sản phẩm
những tính năng của phần mềm quản lý ổ cứng di động samsung t7 là gì,sản phẩm
ổ cứng di động samsung t7 có thể chống sốc không,sản phẩm
ổ cứng di động samsung t7 có thể chống nước không,sản phẩm
ổ cứng di động samsung t7 có thể chống bụi không,sản phẩm
ổ cứng di động samsung t7 có thiết kế như thế nào,sản phẩm
kích thước của ổ cứng di động samsung t7 là bao nhiêu,sản phẩm
trọng lượng của ổ cứng di động samsung t7 là bao nhiêu,sản phẩm
ổ cứng di động samsung t7 có thể mang đi du lịch không,sản phẩm
ổ cứng di động samsung t7 có thể sử dụng trong văn phòng không,sản phẩm
ổ cứng di động samsung t7 có thể sử dụng cho việc chơi game không,sản phẩm
ổ cứng di động samsung t7 có thể sử dụng cho việc chỉnh sửa video không,sản phẩm
ổ cứng di động samsung t7 có thể sử dụng cho việc sao lưu dữ liệu không,sản phẩm
ổ cứng di động samsung t7 có những tính năng đặc biệt nào,sản phẩm
tôi có thể mua ổ cứng di động samsung t7 trả góp không,sản phẩm
chính sách bảo hành của samsung đối với ổ cứng di động samsung t7 là gì,sản phẩm
tôi có thể liên hệ với trung tâm bảo hành của samsung ở đâu,sản phẩm
samsung có hỗ trợ cài đặt và hướng dẫn sử dụng ổ cứng di động samsung t7 không,sản phẩm
router wi-fi 6 tp-link archer ax73 có những tính năng gì nổi bật,sản phẩm
giá của router wi-fi 6 tp-link archer ax73 là bao nhiêu,sản phẩm
router wi-fi 6 tp-link archer ax73 có phù hợp với nhu cầu sử dụng của tôi không,sản phẩm
tôi có thể mua router wi-fi 6 tp-link archer ax73 ở đâu,sản phẩm
thời gian bảo hành của router wi-fi 6 tp-link archer ax73 là bao lâu,sản phẩm
router wi-fi 6 tp-link archer ax73 có những phiên bản nào,sản phẩm
so sánh router wi-fi 6 tp-link archer ax73 với các dòng router tp-link khác,sản phẩm
router wi-fi 6 tp-link archer ax73 có những màu sắc nào,sản phẩm
router wi-fi 6 tp-link archer ax73 có những phụ kiện đi kèm nào,sản phẩm
tôi có thể xem đánh giá về router wi-fi 6 tp-link archer ax73 ở đâu,sản phẩm
router wi-fi 6 tp-link archer ax73 có công nghệ wi-fi 6 không,sản phẩm
tốc độ wi-fi của router wi-fi 6 tp-link archer ax73 là bao nhiêu,sản phẩm
router wi-fi 6 tp-link archer ax73 có bao nhiêu anten,sản phẩm
phạm vi phủ sóng của router wi-fi 6 tp-link archer ax73 là bao nhiêu,sản phẩm
router wi-fi 6 tp-link archer ax73 có bao nhiêu cổng lan,sản phẩm
router wi-fi 6 tp-link archer ax73 có bao nhiêu cổng wan,sản phẩm
router wi-fi 6 tp-link archer ax73 có cổng usb không,sản phẩm
router wi-fi 6 tp-link archer ax73 có hỗ trợ wpa3 không,sản phẩm
router wi-fi 6 tp-link archer ax73 có hỗ trợ vpn không,sản phẩm
router wi-fi 6 tp-link archer ax73 có thể quản lý bằng ứng dụng điện thoại không,sản phẩm
ứng dụng quản lý router wi-fi 6 tp-link archer ax73 là gì,sản phẩm
router wi-fi 6 tp-link archer ax73 có thể cài đặt parental control không,sản phẩm
router wi-fi 6 tp-link archer ax73 có thể cài đặt guest network không,sản phẩm
router wi-fi 6 tp-link archer ax73 có thể kết nối với những thiết bị nào,sản phẩm
router wi-fi 6 tp-link archer ax73 có thể sử dụng cho việc chơi game online không,sản phẩm
router wi-fi 6 tp-link archer ax73 có thể sử dụng cho việc xem phim 4k không,sản phẩm
router wi-fi 6 tp-link archer ax73 có thể sử dụng cho việc làm việc từ xa không,sản phẩm
router wi-fi 6 tp-link archer ax73 có thể sử dụng cho việc học trực tuyến không,sản phẩm
router wi-fi 6 tp-link archer ax73 có những tính năng đặc biệt nào,sản phẩm
router wi-fi 6 tp-link archer ax73 có thể cài đặt mesh wi-fi không,sản phẩm
router wi-fi 6 tp-link archer ax73 có thể cài đặt qos không,sản phẩm
tôi có thể mua router wi-fi 6 tp-link archer ax73 trả góp không,sản phẩm
chính sách bảo hành của tp-link đối với router wi-fi 6 tp-link archer ax73 là gì,sản phẩm
tôi có thể liên hệ với trung tâm bảo hành của tp-link ở đâu,sản phẩm
tp-link có hỗ trợ cài đặt và hướng dẫn sử dụng router wi-fi 6 tp-link archer ax73 không,sản phẩm
máy pha cà phê breville barista express có những tính năng gì nổi bật,sản phẩm
giá của máy pha cà phê breville barista express là bao nhiêu,sản phẩm
máy pha cà phê breville barista express có phù hợp với nhu cầu sử dụng của tôi không,sản phẩm
tôi có thể mua máy pha cà phê breville barista express ở đâu,sản phẩm
thời gian bảo hành của máy pha cà phê breville barista express là bao lâu,sản phẩm
máy pha cà phê breville barista express có những phiên bản nào,sản phẩm
so sánh máy pha cà phê breville barista express với các dòng máy pha cà phê khác,sản phẩm
máy pha cà phê breville barista express có những màu sắc nào,sản phẩm
máy pha cà phê breville barista express có những phụ kiện đi kèm nào,sản phẩm
tôi có thể xem đánh giá về máy pha cà phê breville barista express ở đâu,sản phẩm
máy pha cà phê breville barista express có tích hợp máy xay không,sản phẩm
máy xay trên máy pha cà phê breville barista express có thể điều chỉnh độ mịn không,sản phẩm
máy pha cà phê breville barista express có thể pha được những loại cà phê nào,sản phẩm
máy pha cà phê breville barista express có vòi đánh sữa không,sản phẩm
máy pha cà phê breville barista express có thể tạo bọt sữa như thế nào,sản phẩm
máy pha cà phê breville barista express có thể điều chỉnh nhiệt độ nước không,sản phẩm
máy pha cà phê breville barista express có thể điều chỉnh áp suất chiết xuất không,sản phẩm
máy pha cà phê breville barista express có thể cài đặt lượng cà phê không,sản phẩm
máy pha cà phê breville barista express có thể cài đặt thời gian chiết xuất không,sản phẩm
máy pha cà phê breville barista express có thể lập trình trước các chế độ pha không,sản phẩm
máy pha cà phê breville barista express có thể tự động vệ sinh không,sản phẩm
máy pha cà phê breville barista express có thể tháo rời các bộ phận để vệ sinh không,sản phẩm
máy pha cà phê breville barista express có thể pha được bao nhiêu tách cà phê cùng lúc,sản phẩm
máy pha cà phê breville barista express có thể sử dụng cho gia đình và quán cà phê nhỏ không,sản phẩm
máy pha cà phê breville barista express có thiết kế như thế nào,sản phẩm
kích thước của máy pha cà phê breville barista express là bao nhiêu,sản phẩm
trọng lượng của máy pha cà phê breville barista express là bao nhiêu,sản phẩm
máy pha cà phê breville barista express có thể mang đi du lịch không,sản phẩm
máy pha cà phê breville barista express có thể sử dụng trong văn phòng không,sản phẩm
tôi có thể mua máy pha cà phê breville barista express trả góp không,sản phẩm
chính sách bảo hành của breville đối với máy pha cà phê breville barista express là gì,sản phẩm
tôi có thể liên hệ với trung tâm bảo hành của breville ở đâu,sản phẩm
breville có hỗ trợ cài đặt và hướng dẫn sử dụng máy pha cà phê breville barista express không,sản phẩm
laptop macbook pro 16 m3 có những tính năng gì nổi bật,sản phẩm
giá của laptop macbook pro 16 m3 là bao nhiêu,sản phẩm
laptop macbook pro 16 m3 có phù hợp với nhu cầu sử dụng của tôi không,sản phẩm
tôi có thể mua laptop macbook pro 16 m3 ở đâu,sản phẩm
thời gian bảo hành của laptop macbook pro 16 m3 là bao lâu,sản phẩm
laptop macbook pro 16 m3 có những phiên bản nào,sản phẩm
so sánh laptop macbook pro 16 m3 với các dòng laptop macbook khác,sản phẩm
laptop macbook pro 16 m3 có những màu sắc nào,sản phẩm
laptop macbook pro 16 m3 có những phụ kiện đi kèm nào,sản phẩm
tôi có thể xem đánh giá về laptop macbook pro 16 m3 ở đâu,sản phẩm
laptop macbook pro 16 m3 có chip xử lý nào,sản phẩm
dung lượng ram của laptop macbook pro 16 m3 là bao nhiêu,sản phẩm
ổ cứng của laptop macbook pro 16 m3 là loại gì và dung lượng bao nhiêu,sản phẩm
màn hình của laptop macbook pro 16 m3 có kích thước bao nhiêu,sản phẩm
công nghệ màn hình của laptop macbook pro 16 m3 là gì,sản phẩm
laptop macbook pro 16 m3 có những cổng kết nối nào,sản phẩm
thời lượng pin của laptop macbook pro 16 m3 là bao lâu,sản phẩm
laptop macbook pro 16 m3 có thiết kế như thế nào,sản phẩm
chất liệu của laptop macbook pro 16 m3 là gì,sản phẩm
laptop macbook pro 16 m3 có bàn phím magic keyboard không,sản phẩm
laptop macbook pro 16 m3 có touch id không,sản phẩm
laptop macbook pro 16 m3 có camera facetime hd không,sản phẩm
laptop macbook pro 16 m3 có loa stereo không,sản phẩm
laptop macbook pro 16 m3 có jack tai nghe 3.5mm không,sản phẩm
laptop macbook pro 16 m3 có thể chạy được các ứng dụng nào,sản phẩm
laptop macbook pro 16 m3 có phù hợp cho công việc văn phòng không,sản phẩm
laptop macbook pro 16 m3 có phù hợp cho công việc thiết kế đồ họa không,sản phẩm
laptop macbook pro 16 m3 có phù hợp cho việc chơi game không,sản phẩm
laptop macbook pro 16 m3 có thể nâng cấp ram và ổ cứng không,sản phẩm
tôi có thể mua laptop macbook pro 16 m3 trả góp không,sản phẩm
chính sách bảo hành của apple đối với laptop macbook pro 16 m3 là gì,sản phẩm
tôi có thể liên hệ với trung tâm bảo hành của apple ở đâu,sản phẩm
apple có hỗ trợ cài đặt và hướng dẫn sử dụng laptop macbook pro 16 m3 không,sản phẩm
laptop macbook pro 16 m3 có những tính năng đặc biệt nào so với thế hệ trước,sản phẩm
laptop macbook pro 16 m3 có những cải tiến gì về hiệu năng,sản phẩm
laptop macbook pro 16 m3 có những cải tiến gì về thiết kế,sản phẩm
laptop asus rog zephyrus g14 có những tính năng gì nổi bật,sản phẩm
giá của laptop asus rog zephyrus g14 là bao nhiêu,sản phẩm
laptop asus rog zephyrus g14 có phù hợp với nhu cầu sử dụng của tôi không,sản phẩm
tôi có thể mua laptop asus rog zephyrus g14 ở đâu,sản phẩm
thời gian bảo hành của laptop asus rog zephyrus g14 là bao lâu,sản phẩm
laptop asus rog zephyrus g14 có những phiên bản nào,sản phẩm
so sánh laptop asus rog zephyrus g14 với các dòng laptop gaming khác,sản phẩm
laptop asus rog zephyrus g14 có những màu sắc nào,sản phẩm
laptop asus rog zephyrus g14 có những phụ kiện đi kèm nào,sản phẩm
tôi có thể xem đánh giá về laptop asus rog zephyrus g14 ở đâu,sản phẩm
laptop asus rog zephyrus g14 có chip xử lý nào,sản phẩm
dung lượng ram của laptop asus rog zephyrus g14 là bao nhiêu,sản phẩm
ổ cứng của laptop asus rog zephyrus g14 là loại gì và dung lượng bao nhiêu,sản phẩm
card đồ họa của laptop asus rog zephyrus g14 là gì,sản phẩm
màn hình của laptop asus rog zephyrus g14 có kích thước bao nhiêu,sản phẩm
tần số quét màn hình của laptop asus rog zephyrus g14 là bao nhiêu,sản phẩm
laptop asus rog zephyrus g14 có những cổng kết nối nào,sản phẩm
thời lượng pin của laptop asus rog zephyrus g14 là bao lâu,sản phẩm
laptop asus rog zephyrus g14 có thiết kế như thế nào,sản phẩm
chất liệu của laptop asus rog zephyrus g14 là gì,sản phẩm
laptop asus rog zephyrus g14 có bàn phím led nền không,sản phẩm
laptop asus rog zephyrus g14 có camera không,sản phẩm
laptop asus rog zephyrus g14 có loa stereo không,sản phẩm
laptop asus rog zephyrus g14 có jack tai nghe 3.5mm không,sản phẩm
laptop asus rog zephyrus g14 có thể chơi được những game nào,sản phẩm
laptop asus rog zephyrus g14 có hệ thống tản nhiệt như thế nào,sản phẩm
laptop asus rog zephyrus g14 có thể nâng cấp ram và ổ cứng không,sản phẩm
laptop asus rog zephyrus g14 có phù hợp cho việc mang đi du lịch không,sản phẩm
laptop asus rog zephyrus g14 có phù hợp cho việc làm việc không,sản phẩm
tôi có thể mua laptop asus rog zephyrus g14 trả góp không,sản phẩm
chính sách bảo hành của asus đối với laptop asus rog zephyrus g14 là gì,sản phẩm
tôi có thể liên hệ với trung tâm bảo hành của asus ở đâu,sản phẩm
asus có hỗ trợ cài đặt và hướng dẫn sử dụng laptop asus rog zephyrus g14 không,sản phẩm
laptop asus rog zephyrus g14 có những tính năng đặc biệt nào so với thế hệ trước,sản phẩm
laptop asus rog zephyrus g14 có những cải tiến gì về hiệu năng,sản phẩm
laptop asus rog zephyrus g14 có những cải tiến gì về thiết kế,sản phẩm
iphone 15 có những tính năng gì nổi bật,sản phẩm
giá của iphone 15 là bao nhiêu,sản phẩm
iphone 15 có phù hợp với nhu cầu sử dụng của tôi không,sản phẩm
tôi có thể mua iphone 15 ở đâu,sản phẩm
thời gian bảo hành của iphone 15 là bao lâu,sản phẩm
iphone 15 có những phiên bản nào,sản phẩm
so sánh iphone 15 với các dòng iphone khác,sản phẩm
iphone 15 có những màu sắc nào,sản phẩm
iphone 15 có những phụ kiện đi kèm nào,sản phẩm
tôi có thể xem đánh giá về iphone 15 ở đâu,sản phẩm
iphone 15 có chip xử lý nào,sản phẩm
dung lượng ram của iphone 15 là bao nhiêu,sản phẩm
bộ nhớ trong của iphone 15 là bao nhiêu,sản phẩm
camera của iphone 15 có những cải tiến gì,sản phẩm
màn hình của iphone 15 có kích thước bao nhiêu,sản phẩm
công nghệ màn hình của iphone 15 là gì,sản phẩm
iphone 15 có hỗ trợ 5g không,sản phẩm
thời lượng pin của iphone 15 là bao lâu,sản phẩm
iphone 15 có thiết kế như thế nào,sản phẩm
chất liệu của iphone 15 là gì,sản phẩm
iphone 15 có những tính năng đặc biệt nào,sản phẩm
iphone 15 có chống nước không,sản phẩm
tôi có thể trả góp khi mua iphone 15 không,sản phẩm
chính sách bảo hành của apple đối với iphone 15 là gì,sản phẩm
tôi có thể liên hệ với trung tâm bảo hành của apple ở đâu,sản phẩm
apple có hỗ trợ cài đặt và hướng dẫn sử dụng iphone 15 không,sản phẩm
iphone 15 có những ứng dụng và tính năng độc quyền nào,sản phẩm
iphone 15 có thể kết nối với các thiết bị nào,sản phẩm
iphone 15 có những cải tiến về hiệu năng so với thế hệ trước,sản phẩm
iphone 15 có những thay đổi về thiết kế so với thế hệ trước,sản phẩm
iphone 15 có dynamic island không,sản phẩm
iphone 15 có cổng usb-c không,sản phẩm
iphone 15 có thể quay video cinematic mode không,sản phẩm
iphone 15 có thể chụp ảnh chế độ ban đêm không,sản phẩm
samsung galaxy z fold 5 có những tính năng gì nổi bật,sản phẩm
giá của samsung galaxy z fold 5 là bao nhiêu,sản phẩm
samsung galaxy z fold 5 có phù hợp với nhu cầu sử dụng của tôi không,sản phẩm
tôi có thể mua samsung galaxy z fold 5 ở đâu,sản phẩm
thời gian bảo hành của samsung galaxy z fold 5 là bao lâu,sản phẩm
samsung galaxy z fold 5 có những phiên bản nào,sản phẩm
so sánh samsung galaxy z fold 5 với các dòng điện thoại gập khác,sản phẩm
samsung galaxy z fold 5 có những màu sắc nào,sản phẩm
samsung galaxy z fold 5 có những phụ kiện đi kèm nào,sản phẩm
tôi có thể xem đánh giá về samsung galaxy z fold 5 ở đâu,sản phẩm
samsung galaxy z fold 5 có chip xử lý nào,sản phẩm
dung lượng ram của samsung galaxy z fold 5 là bao nhiêu,sản phẩm
bộ nhớ trong của samsung galaxy z fold 5 là bao nhiêu,sản phẩm
camera của samsung galaxy z fold 5 có những cải tiến gì,sản phẩm
màn hình của samsung galaxy z fold 5 có kích thước bao nhiêu,sản phẩm
công nghệ màn hình của samsung galaxy z fold 5 là gì,sản phẩm
samsung galaxy z fold 5 có hỗ trợ 5g không,sản phẩm
thời lượng pin của samsung galaxy z fold 5 là bao lâu,sản phẩm
samsung galaxy z fold 5 có thiết kế như thế nào,sản phẩm
chất liệu của samsung galaxy z fold 5 là gì,sản phẩm
samsung galaxy z fold 5 có những tính năng đặc biệt nào,sản phẩm
samsung galaxy z fold 5 có chống nước không,sản phẩm
tôi có thể trả góp khi mua samsung galaxy z fold 5 không,sản phẩm
chính sách bảo hành của samsung đối với samsung galaxy z fold 5 là gì,sản phẩm
tôi có thể liên hệ với trung tâm bảo hành của samsung ở đâu,sản phẩm
samsung có hỗ trợ cài đặt và hướng dẫn sử dụng samsung galaxy z fold 5 không,sản phẩm
samsung galaxy z fold 5 có những ứng dụng và tính năng độc quyền nào,sản phẩm
samsung galaxy z fold 5 có thể kết nối với các thiết bị nào,sản phẩm
samsung galaxy z fold 5 có những cải tiến về hiệu năng so với thế hệ trước,sản phẩm
samsung galaxy z fold 5 có những thay đổi về thiết kế so với thế hệ trước,sản phẩm
samsung galaxy z fold 5 có hỗ trợ bút s pen không,sản phẩm
samsung galaxy z fold 5 có thể gập lại bao nhiêu lần,sản phẩm
samsung galaxy z fold 5 có màn hình phụ không,sản phẩm
samsung galaxy z fold 5 có những chế độ chụp ảnh đặc biệt nào,sản phẩm
ipad air m2 11 inch có những tính năng gì nổi bật,sản phẩm
giá của ipad air m2 11 inch là bao nhiêu,sản phẩm
ipad air m2 11 inch có phù hợp với nhu cầu sử dụng của tôi không,sản phẩm
tôi có thể mua ipad air m2 11 inch ở đâu,sản phẩm
thời gian bảo hành của ipad air m2 11 inch là bao lâu,sản phẩm
ipad air m2 11 inch có những phiên bản nào,sản phẩm
so sánh ipad air m2 11 inch với các dòng ipad khác,sản phẩm
ipad air m2 11 inch có những màu sắc nào,sản phẩm
ipad air m2 11 inch có những phụ kiện đi kèm nào,sản phẩm
tôi có thể xem đánh giá về ipad air m2 11 inch ở đâu,sản phẩm
ipad air m2 11 inch có chip xử lý nào,sản phẩm
dung lượng ram của ipad air m2 11 inch là bao nhiêu,sản phẩm
bộ nhớ trong của ipad air m2 11 inch là bao nhiêu,sản phẩm
màn hình của ipad air m2 11 inch có kích thước bao nhiêu,sản phẩm
công nghệ màn hình của ipad air m2 11 inch là gì,sản phẩm
ipad air m2 11 inch có những cổng kết nối nào,sản phẩm
thời lượng pin của ipad air m2 11 inch là bao lâu,sản phẩm
ipad air m2 11 inch có thiết kế như thế nào,sản phẩm
chất liệu của ipad air m2 11 inch là gì,sản phẩm
ipad air m2 11 inch có apple pencil không,sản phẩm
ipad air m2 11 inch có magic keyboard không,sản phẩm
ipad air m2 11 inch có camera trước và sau không,sản phẩm
ipad air m2 11 inch có loa stereo không,sản phẩm
ipad air m2 11 inch có thể chạy được các ứng dụng nào,sản phẩm
ipad air m2 11 inch có phù hợp cho công việc văn phòng không,sản phẩm
ipad air m2 11 inch có phù hợp cho công việc thiết kế đồ họa không,sản phẩm
ipad air m2 11 inch có phù hợp cho việc xem phim và giải trí không,sản phẩm
ipad air m2 11 inch có thể kết nối với các thiết bị nào,sản phẩm
tôi có thể mua ipad air m2 11 inch trả góp không,sản phẩm
chính sách bảo hành của apple đối với ipad air m2 11 inch là gì,sản phẩm
tôi có thể liên hệ với trung tâm bảo hành của apple ở đâu,sản phẩm
apple có hỗ trợ cài đặt và hướng dẫn sử dụng ipad air m2 11 inch không,sản phẩm
ipad air m2 11 inch có những tính năng đặc biệt nào so với thế hệ trước,sản phẩm
ipad air m2 11 inch có những cải tiến gì về hiệu năng,sản phẩm
ipad air m2 11 inch có những cải tiến gì về thiết kế,sản phẩm
xiaomi pad 6 pro có những tính năng gì nổi bật,sản phẩm
giá của xiaomi pad 6 pro là bao nhiêu,sản phẩm
xiaomi pad 6 pro có phù hợp với nhu cầu sử dụng của tôi không,sản phẩm
tôi có thể mua xiaomi pad 6 pro ở đâu,sản phẩm
thời gian bảo hành của xiaomi pad 6 pro là bao lâu,sản phẩm
xiaomi pad 6 pro có những phiên bản nào,sản phẩm
so sánh xiaomi pad 6 pro với các dòng máy tính bảng khác,sản phẩm
xiaomi pad 6 pro có những màu sắc nào,sản phẩm
xiaomi pad 6 pro có những phụ kiện đi kèm nào,sản phẩm
tôi có thể xem đánh giá về xiaomi pad 6 pro ở đâu,sản phẩm
xiaomi pad 6 pro có chip xử lý nào,sản phẩm
dung lượng ram của xiaomi pad 6 pro là bao nhiêu,sản phẩm
bộ nhớ trong của xiaomi pad 6 pro là bao nhiêu,sản phẩm
màn hình của xiaomi pad 6 pro có kích thước bao nhiêu,sản phẩm
tần số quét màn hình của xiaomi pad 6 pro là bao nhiêu,sản phẩm
xiaomi pad 6 pro có những cổng kết nối nào,sản phẩm
thời lượng pin của xiaomi pad 6 pro là bao lâu,sản phẩm
xiaomi pad 6 pro có thiết kế như thế nào,sản phẩm
chất liệu của xiaomi pad 6 pro là gì,sản phẩm
xiaomi pad 6 pro có bút cảm ứng không,sản phẩm
xiaomi pad 6 pro có bàn phím rời không,sản phẩm
xiaomi pad 6 pro có camera trước và sau không,sản phẩm
xiaomi pad 6 pro có loa stereo không,sản phẩm
xiaomi pad 6 pro có thể chạy được các ứng dụng nào,sản phẩm
xiaomi pad 6 pro có phù hợp cho công việc văn phòng không,sản phẩm
xiaomi pad 6 pro có phù hợp cho công việc thiết kế đồ họa không,sản phẩm
xiaomi pad 6 pro có phù hợp cho việc xem phim và giải trí không,sản phẩm
xiaomi pad 6 pro có thể kết nối với các thiết bị nào,sản phẩm
tôi có thể mua xiaomi pad 6 pro trả góp không,sản phẩm
chính sách bảo hành của xiaomi đối với xiaomi pad 6 pro là gì,sản phẩm
tôi có thể liên hệ với trung tâm bảo hành của xiaomi ở đâu,sản phẩm
xiaomi có hỗ trợ cài đặt và hướng dẫn sử dụng xiaomi pad 6 pro không,sản phẩm
xiaomi pad 6 pro có những tính năng đặc biệt nào so với thế hệ trước,sản phẩm
xiaomi pad 6 pro có những cải tiến gì về hiệu năng,sản phẩm
xiaomi pad 6 pro có những cải tiến gì về thiết kế,sản phẩm
xiaomi pad 6 pro có hỗ trợ thẻ nhớ ngoài không,sản phẩm
xiaomi pad 6 pro có những chế độ chụp ảnh đặc biệt nào,sản phẩm
apple watch series 9 có những tính năng gì nổi bật,sản phẩm
giá của apple watch series 9 là bao nhiêu,sản phẩm
apple watch series 9 có phù hợp với nhu cầu sử dụng của tôi không,sản phẩm
tôi có thể mua apple watch series 9 ở đâu,sản phẩm
thời gian bảo hành của apple watch series 9 là bao lâu,sản phẩm
apple watch series 9 có những phiên bản nào,sản phẩm
so sánh apple watch series 9 với các dòng apple watch khác,sản phẩm
apple watch series 9 có những màu sắc nào,sản phẩm
apple watch series 9 có những phụ kiện đi kèm nào,sản phẩm
tôi có thể xem đánh giá về apple watch series 9 ở đâu,sản phẩm
apple watch series 9 có chip xử lý nào,sản phẩm
apple watch series 9 có những tính năng gì liên quan đến sức khỏe,sản phẩm
apple watch series 9 có những tính năng gì liên quan đến thể thao,sản phẩm
apple watch series 9 có gps không,sản phẩm
apple watch series 9 có kết nối di động không,sản phẩm
apple watch series 9 có chống nước không,sản phẩm
thời lượng pin của apple watch series 9 là bao lâu,sản phẩm
apple watch series 9 có thiết kế như thế nào,sản phẩm
chất liệu của apple watch series 9 là gì,sản phẩm
apple watch series 9 có màn hình always-on không,sản phẩm
apple watch series 9 có thể đo nhịp tim không,sản phẩm
apple watch series 9 có thể đo điện tâm đồ (ecg) không,sản phẩm
apple watch series 9 có thể phát hiện té ngã không,sản phẩm
apple watch series 9 có thể theo dõi giấc ngủ không,sản phẩm
apple watch series 9 có thể nhận cuộc gọi và tin nhắn không,sản phẩm
apple watch series 9 có thể thanh toán không tiếp xúc không,sản phẩm
apple watch series 9 có thể tùy chỉnh mặt đồng hồ không,sản phẩm
tôi có thể thay dây đeo cho apple watch series 9 không,sản phẩm
apple watch series 9 có những tính năng đặc biệt nào,sản phẩm
apple watch series 9 có những tính năng mới nào so với các thế hệ trước,sản phẩm
apple watch series 9 có thể đo nồng độ oxy trong máu không,sản phẩm
apple watch series 9 có thể theo dõi chu kỳ kinh nguyệt không,sản phẩm
apple watch series 9 có thể phát hiện va chạm xe không,sản phẩm
apple watch series 9 có tính năng double tap không,sản phẩm
tôi có thể mua apple watch series 9 trả góp không,sản phẩm
chính sách bảo hành của apple đối với apple watch series 9 là gì,sản phẩm
tôi có thể liên hệ với trung tâm bảo hành của apple ở đâu,sản phẩm
apple có hỗ trợ cài đặt và hướng dẫn sử dụng apple watch series 9 không,sản phẩm
garmin fenix 7x có những tính năng gì nổi bật,sản phẩm
giá của garmin fenix 7x là bao nhiêu,sản phẩm
garmin fenix 7x có phù hợp với nhu cầu sử dụng của tôi không,sản phẩm
tôi có thể mua garmin fenix 7x ở đâu,sản phẩm
thời gian bảo hành của garmin fenix 7x là bao lâu,sản phẩm
garmin fenix 7x có những phiên bản nào,sản phẩm
so sánh garmin fenix 7x với các dòng đồng hồ garmin khác,sản phẩm
garmin fenix 7x có những màu sắc nào,sản phẩm
garmin fenix 7x có những phụ kiện đi kèm nào,sản phẩm
tôi có thể xem đánh giá về garmin fenix 7x ở đâu,sản phẩm
garmin fenix 7x có gps đa hệ thống không,sản phẩm
garmin fenix 7x có những tính năng gì liên quan đến sức khỏe,sản phẩm
garmin fenix 7x có những tính năng gì liên quan đến thể thao,sản phẩm
garmin fenix 7x có những tính năng gì liên quan đến điều hướng,sản phẩm
garmin fenix 7x có bản đồ topo không,sản phẩm
garmin fenix 7x có thể lưu trữ nhạc không,sản phẩm
garmin fenix 7x có thể thanh toán không tiếp xúc không,sản phẩm
garmin fenix 7x có thời lượng pin như thế nào,sản phẩm
garmin fenix 7x có thiết kế như thế nào,sản phẩm
chất liệu của garmin fenix 7x là gì,sản phẩm
garmin fenix 7x có màn hình cảm ứng không,sản phẩm
garmin fenix 7x có thể đo nhịp tim không,sản phẩm
garmin fenix 7x có thể đo nồng độ oxy trong máu không,sản phẩm
garmin fenix 7x có thể theo dõi giấc ngủ không,sản phẩm
garmin fenix 7x có thể theo dõi mức độ căng thẳng không,sản phẩm
garmin fenix 7x có thể theo dõi năng lượng cơ thể không,sản phẩm
garmin fenix 7x có thể theo dõi hiệu suất luyện tập không,sản phẩm
garmin fenix 7x có thể theo dõi các môn thể thao nào,sản phẩm
garmin fenix 7x có thể nhận thông báo từ điện thoại không,sản phẩm
garmin fenix 7x có thể tùy chỉnh mặt đồng hồ không,sản phẩm
garmin fenix 7x có những tính năng đặc biệt nào,sản phẩm
garmin fenix 7x có thể chống nước không,sản phẩm
garmin fenix 7x có thể kết nối với những thiết bị nào,sản phẩm
tôi có thể mua garmin fenix 7x trả góp không,sản phẩm
chính sách bảo hành của garmin đối với garmin fenix 7x là gì,sản phẩm
tôi có thể liên hệ với trung tâm bảo hành của garmin ở đâu,sản phẩm
garmin có hỗ trợ cài đặt và hướng dẫn sử dụng garmin fenix 7x không,sản phẩm
tai nghe bose quietcomfort ultra có những tính năng gì nổi bật,sản phẩm
giá của tai nghe bose quietcomfort ultra là bao nhiêu,sản phẩm
tai nghe bose quietcomfort ultra có phù hợp với nhu cầu sử dụng của tôi không,sản phẩm
tôi có thể mua tai nghe bose quietcomfort ultra ở đâu,sản phẩm
thời gian bảo hành của tai nghe bose quietcomfort ultra là bao lâu,sản phẩm
tai nghe bose quietcomfort ultra có những phiên bản nào,sản phẩm
so sánh tai nghe bose quietcomfort ultra với các dòng tai nghe bose khác,sản phẩm
tai nghe bose quietcomfort ultra có những màu sắc nào,sản phẩm
tai nghe bose quietcomfort ultra có những phụ kiện đi kèm nào,sản phẩm
tôi có thể xem đánh giá về tai nghe bose quietcomfort ultra ở đâu,sản phẩm
tai nghe bose quietcomfort ultra có công nghệ chống ồn chủ động không,sản phẩm
khả năng chống ồn của tai nghe bose quietcomfort ultra như thế nào,sản phẩm
tai nghe bose quietcomfort ultra có chất lượng âm thanh như thế nào,sản phẩm
tai nghe bose quietcomfort ultra có hỗ trợ âm thanh hi-res không,sản phẩm
tai nghe bose quietcomfort ultra có kết nối bluetooth không,sản phẩm
tai nghe bose quietcomfort ultra có nfc không,sản phẩm
thời lượng pin của tai nghe bose quietcomfort ultra là bao lâu,sản phẩm
tai nghe bose quietcomfort ultra có thiết kế như thế nào,sản phẩm
tai nghe bose quietcomfort ultra có thoải mái khi đeo không,sản phẩm
tai nghe bose quietcomfort ultra có micro để đàm thoại không,sản phẩm
chất lượng micro của tai nghe bose quietcomfort ultra như thế nào,sản phẩm
tai nghe bose quietcomfort ultra có thể điều khiển bằng giọng nói không,sản phẩm
tai nghe bose quietcomfort ultra có ứng dụng đi kèm không,sản phẩm
những tính năng của ứng dụng bose music là gì,sản phẩm
tai nghe bose quietcomfort ultra có thể kết nối với những thiết bị nào,sản phẩm
tai nghe bose quietcomfort ultra có những cải tiến gì so với thế hệ trước,sản phẩm
tai nghe bose quietcomfort ultra có những tính năng đặc biệt nào,sản phẩm
tai nghe bose quietcomfort ultra có thể chống nước không,sản phẩm
tai nghe bose quietcomfort ultra có thể sử dụng cho việc tập thể thao không,sản phẩm
tai nghe bose quietcomfort ultra có thể sử dụng cho việc di chuyển không,sản phẩm
tôi có thể mua tai nghe bose quietcomfort ultra trả góp không,sản phẩm
chính sách bảo hành của bose đối với tai nghe bose quietcomfort ultra là gì,sản phẩm
tôi có thể liên hệ với trung tâm bảo hành của bose ở đâu,sản phẩm
bose có hỗ trợ cài đặt và hướng dẫn sử dụng tai nghe bose quietcomfort ultra không,sản phẩm
tv sony bravia xr 75 inch có những tính năng gì nổi bật,sản phẩm
giá của tv sony bravia xr 75 inch là bao nhiêu,sản phẩm
tv sony bravia xr 75 inch có phù hợp với nhu cầu sử dụng của tôi không,sản phẩm
tôi có thể mua tv sony bravia xr 75 inch ở đâu,sản phẩm
thời gian bảo hành của tv sony bravia xr 75 inch là bao lâu,sản phẩm
tv sony bravia xr 75 inch có những phiên bản nào,sản phẩm
so sánh tv sony bravia xr 75 inch với các dòng tv sony khác,sản phẩm
tv sony bravia xr 75 inch có những màu sắc nào,sản phẩm
tv sony bravia xr 75 inch có những phụ kiện đi kèm nào,sản phẩm
tôi có thể xem đánh giá về tv sony bravia xr 75 inch ở đâu,sản phẩm
tv sony bravia xr 75 inch có độ phân giải bao nhiêu,sản phẩm
công nghệ màn hình của tv sony bravia xr 75 inch là gì,sản phẩm
tv sony bravia xr 75 inch có công nghệ cognitive processor xr không,sản phẩm
tần số quét của tv sony bravia xr 75 inch là bao nhiêu,sản phẩm
tv sony bravia xr 75 inch có những cổng kết nối nào,sản phẩm
tv sony bravia xr 75 inch có smart tv không,sản phẩm
hệ điều hành của tv sony bravia xr 75 inch là gì,sản phẩm
những ứng dụng có thể cài đặt trên tv sony bravia xr 75 inch là gì,sản phẩm
tv sony bravia xr 75 inch có thể xem phim 4k không,sản phẩm
tv sony bravia xr 75 inch có thể chơi game không,sản phẩm
tv sony bravia xr 75 inch có thể kết nối với điện thoại không,sản phẩm
tv sony bravia xr 75 inch có thể điều khiển bằng giọng nói không,sản phẩm
tv sony bravia xr 75 inch có loa tích hợp không,sản phẩm
chất lượng âm thanh của tv sony bravia xr 75 inch như thế nào,sản phẩm
tv sony bravia xr 75 inch có thiết kế như thế nào,sản phẩm
kích thước của tv sony bravia xr 75 inch là bao nhiêu,sản phẩm
trọng lượng của tv sony bravia xr 75 inch là bao nhiêu,sản phẩm
tv sony bravia xr 75 inch có thể treo tường không,sản phẩm
tv sony bravia xr 75 inch có những tính năng đặc biệt nào,sản phẩm
tv sony bravia xr 75 inch có thể kết nối với những thiết bị nào,sản phẩm
tv sony bravia xr 75 inch có những cải tiến gì so với thế hệ trước,sản phẩm
tôi có thể mua tv sony bravia xr 75 inch trả góp không,sản phẩm
chính sách bảo hành của sony đối với tv sony bravia xr 75 inch là gì,sản phẩm
tôi có thể liên hệ với trung tâm bảo hành của sony ở đâu,sản phẩm
sony có hỗ trợ cài đặt và hướng dẫn sử dụng tv sony bravia xr 75 inch không,sản phẩm
nintendo switch oled có những tính năng gì nổi bật,sản phẩm
giá của nintendo switch oled là bao nhiêu,sản phẩm
nintendo switch oled có phù hợp với nhu cầu sử dụng của tôi không,sản phẩm
tôi có thể mua nintendo switch oled ở đâu,sản phẩm
thời gian bảo hành của nintendo switch oled là bao lâu,sản phẩm
nintendo switch oled có những phiên bản nào,sản phẩm
so sánh nintendo switch oled với các dòng máy chơi game khác,sản phẩm
nintendo switch oled có những màu sắc nào,sản phẩm
nintendo switch oled có những phụ kiện đi kèm nào,sản phẩm
tôi có thể xem đánh giá về nintendo switch oled ở đâu,sản phẩm
nintendo switch oled có màn hình loại gì,sản phẩm
kích thước màn hình của nintendo switch oled là bao nhiêu,sản phẩm
nintendo switch có thể chơi được những game nào,sản phẩm
nintendo switch oled có thể chơi được game nintendo switch cũ không,sản phẩm
nintendo switch oled có thể chơi online được không,sản phẩm
nintendo oled có thể kết nối với tv không,sản phẩm
nintendo switch oled có thể chơi chế độ cầm tay không,sản phẩm
nintendo oled có thể chơi chế độ tabletop không,sản phẩm
switch oled có thể kết nối với tay cầm joy-con không,sản phẩm
nintendo switch oled có thể kết nối với tay cầm pro controller không,sản phẩm
nintendo switch oled có thể kết nối với tai nghe không,sản phẩm
nintendo switch oled có thể kết nối với thẻ nhớ micro sd không,sản phẩm
bộ nhớ trong của nintendo switch oled là bao nhiêu,sản phẩm
nintendo switch oled có thời lượng pin như thế nào,sản phẩm
nintendo switch oled có thiết kế như thế nào,sản phẩm
kích thước của nintendo switch oled là bao nhiêu,sản phẩm
trọng lượng của nintendo switch oled là bao nhiêu,sản phẩm
nintendo  oled có những tính năng đặc biệt nào,sản phẩm
nintendo oled có những cải tiến gì so với nintendo switch cũ,sản phẩm
nintendo switch có thể mang đi du lịch không,sản phẩm
nintendo switch oled có thể sử dụng trong gia đình không,sản phẩm
tôi có thể mua nintendo switch trả góp không,sản phẩm
chính sách bảo hành của nintendo đối với nintendo oled là gì,sản phẩm
tôi có thể liên hệ với trung tâm bảo hành của nintendo ở đâu,sản phẩm
nintendo có hỗ trợ cài đặt và hướng dẫn sử dụng nintendo không,sản phẩm
ổ cứng ssd 2tb samsung 980 pro có những tính năng gì nổi bật,sản phẩm
giá của ổ cứng ssd nvme 2tb samsung 980 pro là bao nhiêu,sản phẩm
ổ cứng ssd nvme 2tb samsung 980 pro có phù hợp với nhu cầu sử dụng của tôi không,sản phẩm
tôi có thể mua ổ cứng ssd nvme 2tb samsung 980 pro ở đâu,sản phẩm
thời gian bảo hành của ổ cứng ssd nvme 2tb samsung 980 pro là bao lâu,sản phẩm
ổ cứng ssd nvme 2tb samsung 980 pro có những phiên bản nào,sản phẩm
so sánh ổ cứng ssd nvme 2tb samsung 980 pro với các dòng ổ cứng ssd khác,sản phẩm
ổ cứng ssd nvme 2tb samsung 980 pro có những màu sắc nào,sản phẩm
ổ cứng ssd nvme 2tb samsung 980 pro có những phụ kiện đi kèm nào,sản phẩm
tôi có thể xem đánh giá về ổ cứng ssd nvme 2tb samsung 980 pro ở đâu,sản phẩm
ổ cứng ssd nvme 2tb samsung 980 pro có dung lượng bao nhiêu,sản phẩm
ổ cứng ssd 2tb samsung 980 pro có tốc độ đọc ghi như thế nào,sản phẩm
ổ cứng ssd nvme 2tb samsung 980 pro có giao diện kết nối nào,sản phẩm
ổ cứng ssd nvme samsung 980 pro có thể kết nối với những thiết bị nào,sản phẩm
ổ cứng ssd nvme 2tb 980 pro có thể sử dụng với hệ điều hành nào,sản phẩm
ổ cứng ssd nvme 2tb samsung 80 pro có thể mã hóa dữ liệu không,sản phẩm
ổ cứng ssd nvme 2tb samsung 980 có phần mềm quản lý không,sản phẩm
những tính năng của phần mềm quản lý ổ cứng ssd nvme 2tb samsung 980 pro là gì,sản phẩm
ổ cứng ssd nvme 2tb 980 pro có thể chống sốc không,sản phẩm
ổ cứng ssd nvme 2tb samsung 980 pro có thể chống nước không,sản phẩm
ổ cứng ssd nvme 2tb samsung pro có thể chống bụi không,sản phẩm
ổ cứng ssd nvme 2tb samsung 980 pro có thiết kế như thế nào,sản phẩm
kích thước của ổ cứng ssd 2tb samsung 980 pro là bao nhiêu,sản phẩm
trọng lượng của ổ cứng ssd nvme 2tb samsung 980 pro là bao nhiêu,sản phẩm
ổ ssd nvme 2tb samsung 980 pro có thể sử dụng cho việc chơi game không,sản phẩm
ổ cứng ssd nvme 2tb samsung 980 pro có thể sử dụng cho việc chỉnh sửa video không,sản phẩm
ổ cứng ssd nvme 2tb samsung 980 pro có thể sử dụng cho việc sao lưu dữ liệu không,sản phẩm
ổ ssd nvme 2tb samsung 980 pro có thể sử dụng cho việc cài đặt hệ điều hành không,sản phẩm
ổ ssd 2tb samsung 980 pro có thể sử dụng cho việc lưu trữ dữ liệu lớn không,sản phẩm
ổ cứng nvme 2tb samsung 980 pro có những tính năng đặc biệt nào,sản phẩm
tôi có thể mua ổ cứng ssd nvme 2tb samsung 980 pro trả góp không,sản phẩm
chính sách bảo hành của samsung đối với ổ cứng ssd nvme 2tb samsung 980 pro là gì,sản phẩm
tôi có thể liên hệ với trung tâm bảo hành của samsung ở đâu,sản phẩm
samsung có hỗ trợ cài đặt và hướng dẫn sử dụng ổ cứng ssd nvme 2tb samsung 980 pro không,sản phẩm
ổ cứng ssd nvme 2tb samsung 980 pro có thể nâng cấp cho laptop không,sản phẩm
ổ cứng ssd nvme 2tb samsung 980 pro có thể nâng cấp cho máy tính để bàn không,sản phẩm
máy hút bụi dyson v15 detect có những tính năng gì nổi bật,sản phẩm
giá của máy hút bụi dyson v15 detect là bao nhiêu,sản phẩm
máy hút bụi dyson v15 detect có phù hợp với nhu cầu sử dụng của tôi không,sản phẩm
tôi có thể mua máy hút bụi dyson v15 detect ở đâu,sản phẩm
thời gian bảo hành của máy hút bụi dyson v15 detect là bao lâu,sản phẩm
máy hút bụi dyson v15 detect có những phiên bản nào,sản phẩm
so sánh máy hút bụi dyson v15 detect với các dòng máy hút bụi dyson khác,sản phẩm
máy hút bụi dyson v15 detect có những màu sắc nào,sản phẩm
máy hút bụi dyson v15 detect có những phụ kiện đi kèm nào,sản phẩm
tôi có thể xem đánh giá về máy hút bụi dyson v15 detect ở đâu,sản phẩm
máy hút bụi dyson v15 detect có công nghệ phát hiện bụi laser không,sản phẩm
công nghệ phát hiện bụi laser trên máy hút bụi dyson v15 detect là gì,sản phẩm
máy hút bụi dyson v15 detect có thể hút được những loại bụi bẩn nào,sản phẩm
máy hút bụi v15 detect có thể hút được lông thú cưng không,sản phẩm
máy hút bụi dyson v15 có thể chuyển đổi thành máy hút bụi cầm tay không,sản phẩm
máy hút bụi v15 detect có những chế độ hút nào,sản phẩm
máy hút bụi dyson v15 detect có thể điều chỉnh lực hút không,sản phẩm
máy hút bụi dyson v15 detect có thể tự động điều chỉnh lực hút không,sản phẩm
máy hút bụi dyson v15 có thể hiển thị lượng bụi hút được không,sản phẩm
máy hút bụi dyson v15 detect có thể làm sạch thảm không,sản phẩm
máy hút bụi dyson v15 detect có thể làm sạch sàn cứng không,sản phẩm
máy hút bụi v15 có thể làm sạch gầm giường và gầm tủ không,sản phẩm
máy hút bụi dyson v15 detect có thể làm sạch nội thất ô tô không,sản phẩm
máy hút bụi dyson v15 detect có thể làm sạch cầu thang không,sản phẩm
máy hút bụi dyson v15 detect có thể thay thế đầu hút không,sản phẩm
những loại đầu hút nào có thể sử dụng cho máy hút bụi dyson v15 detect,sản phẩm
máy hút bụi dyson v15 detect có thể tháo rời các bộ phận để vệ sinh không,sản phẩm
máy hút bụi dyson v15 detect có thể lọc bụi mịn không,sản phẩm
máy hút bụi dyson v15 detect có thể lọc không khí không,sản phẩm
thời gian hoạt động của máy hút bụi dyson v15 detect là bao lâu,sản phẩm
thời gian sạc của máy hút bụi dyson v15 detect là bao lâu,sản phẩm
dung tích hộp chứa bụi của máy hút bụi dyson v15 detect là bao nhiêu,sản phẩm
độ ồn của máy hút bụi dyson v15 detect là bao nhiêu,sản phẩm
máy hút bụi dyson v15 có thể treo tường không,sản phẩm
hút bụi v15 detect có thể mang đi du lịch không,sản phẩm
tôi có thể mua máy hút bụi dyson v15 detect trả góp không,sản phẩm
chính sách bảo hành của dyson đối với máy hút bụi dyson v15 detect là gì,sản phẩm
tôi có thể liên hệ với trung tâm bảo hành của dyson ở đâu,sản phẩm
dyson có hỗ trợ cài đặt và hướng dẫn sử dụng máy hút bụi dyson v15 detect không,sản phẩm
loa marshall stanmore iii có những tính năng gì nổi bật,sản phẩm
giá của loa marshall stanmore iii là bao nhiêu,sản phẩm
loa marshall stanmore iii có phù hợp với nhu cầu sử dụng của tôi không,sản phẩm
tôi có thể mua loa marshall stanmore iii ở đâu,sản phẩm
thời gian bảo hành của loa marshall stanmore iii là bao lâu,sản phẩm
loa marshall stanmore iii có những phiên bản nào,sản phẩm
so sánh loa marshall stanmore iii với các dòng loa marshall khác,sản phẩm
loa marshall stanmore iii có những màu sắc nào,sản phẩm
loa marshall stanmore iii có những phụ kiện đi kèm nào,sản phẩm
tôi có thể xem đánh giá về loa marshall stanmore iii ở đâu,sản phẩm
loa marshall iii có công nghệ bluetooth nào,sản phẩm
loa marshall iii có chất lượng âm thanh như thế nào,sản phẩm
loa marshall stanmore iii có âm bass mạnh mẽ không,sản phẩm
loa marshall stanmore iii có thể kết nối với những thiết bị nào,sản phẩm
loa marshall stanmore có thể kết nối với nhiều loa cùng lúc không,sản phẩm
loa marshall iii có thể điều chỉnh âm bass và treble không,sản phẩm
loa stanmore iii có cổng kết nối nào,sản phẩm
loa marshall stanmore iii có micro để đàm thoại không,sản phẩm
loa marshall stanmore iii có thể điều khiển bằng giọng nói không,sản phẩm
loa stanmore iii có ứng dụng điều khiển không,sản phẩm
những tính năng của ứng dụng marshall bluetooth là gì,sản phẩm
loa marshall stanmore iii có thiết kế như thế nào,sản phẩm
kích thước của loa marshall stanmore iii là bao nhiêu,sản phẩm
trọng lượng của loa marshall stanmore iii là bao nhiêu,sản phẩm
loa stanmore iii có thể mang đi du lịch không,sản phẩm
loa marshall stanmore iii có thể sử dụng trong nhà và ngoài trời không,sản phẩm
loa marshall stanmore có thể sử dụng cho việc nghe nhạc tại gia không,sản phẩm
loa marshall stanmore iii có thể sử dụng cho việc tổ chức tiệc không,sản phẩm
loa marshall stmore iii có thể sử dụng cho việc xem phim không,sản phẩm
loa marshall stanmore iii có những tính năng đặc biệt nào,sản phẩm
loa marshall stanmore iii có những cải tiến gì so với thế hệ trước,sản phẩm
tôi có thể mua loa marshall stanmore iii trả góp không,sản phẩm
chính sách bảo hành của marshall đối với loa marshall stanmore iii là gì,sản phẩm
tôi có thể liên hệ với trung tâm bảo hành của marshall ở đâu,sản phẩm
marshall có hỗ trợ cài đặt và hướng dẫn sử dụng loa marshall stanmore iii không,sản phẩm
router asus rog rapture gt-ax11000 có những tính năng gì nổi bật,sản phẩm
giá của router asus rog rapture gt-ax11000 là bao nhiêu,sản phẩm
router asus rog rapture gt-ax11000 có phù hợp với nhu cầu sử dụng của tôi không,sản phẩm
tôi có thể mua router asus rog rapture gt-ax11000 ở đâu,sản phẩm
thời gian bảo hành của router asus rog rapture gt-ax11000 là bao lâu,sản phẩm
router asus rog rapture gt-ax11000 có những phiên bản nào,sản phẩm
so sánh router asus rog rapture gt-ax11000 với các dòng router asus khác,sản phẩm
router asus rog rapture gt-ax11000 có những màu sắc nào,sản phẩm
router asus rog rapture gt-ax11000 có những phụ kiện đi kèm nào,sản phẩm
tôi có thể xem đánh giá về router asus rog rapture gt-ax11000 ở đâu,sản phẩm
router asus rog rapture gt-ax11000 có công nghệ wi-fi 6 không,sản phẩm
tốc độ wi-fi của router asus rog rapture gt-ax11000 là bao nhiêu,sản phẩm
router asus rog rapture gt-ax11000 có bao nhiêu anten,sản phẩm
phạm vi phủ sóng của router asus rog rapture gt-ax11000 là bao nhiêu,sản phẩm
router asus rog rapture gt-ax11000 có bao nhiêu cổng lan,sản phẩm
router  rog rapture gt-ax11000 có bao nhiêu cổng wan,sản phẩm
router asus rog rapture gt-ax11000 có cổng usb không,sản phẩm
router asus rog rapture gt-ax11000 có hỗ trợ wpa3 không,sản phẩm
router asus rog rapture gt-ax11000 có hỗ trợ vpn không,sản phẩm
router asus rog rapture gt-ax11000 có thể quản lý bằng ứng dụng điện thoại không,sản phẩm
ứng dụng quản lý router asus rog rapture gt-ax11000 là gì,sản phẩm
router asus rog rapture gt-ax11000 có thể cài đặt parental control không,sản phẩm
router asus rog rapture gt-ax11000 có thể cài đặt guest network không,sản phẩm
router asus rog rapture gt-ax11000 có thể kết nối với những thiết bị nào,sản phẩm
router asus rog rapture  có thể sử dụng cho việc chơi game online không,sản phẩm
router asus rog rapture gt-ax11000 có thể sử dụng cho việc xem phim 4k không,sản phẩm
router asus rapture gt-ax11000 có thể sử dụng cho việc làm việc từ xa không,sản phẩm
router asus rog rapture gt-ax11000 có thể sử dụng cho việc học trực tuyến không,sản phẩm
router asus rapture gt-ax11000 có những tính năng đặc biệt nào,sản phẩm
router asus rog rapture gt-ax11000 có thể cài đặt mesh wi-fi không,sản phẩm
router asus rog rapture gt-ax11000 có thể cài đặt qos không,sản phẩm
router asus rog rapture gt-ax11000 có những cải tiến gì so với thế hệ trước,sản phẩm
router asus rapture gt-ax11000 có thể tối ưu hóa cho việc chơi game không,sản phẩm
router asus rog rapture gt-ax11000 có thể ưu tiên băng thông cho thiết bị chơi game không,sản phẩm
router asus rapture gt-ax11000 có thể hiển thị thông tin mạng không,sản phẩm
tôi có thể mua router asus rog rapture gt-ax11000 trả góp không,sản phẩm
chính sách bảo hành của asus đối với router asus rog rapture gt-ax11000 là gì,sản phẩm
tôi có thể liên hệ với trung tâm bảo hành của asus ở đâu,sản phẩm
asus có hỗ trợ cài đặt và hướng dẫn sử dụng router asus rog rapture gt-ax11000 không,sản phẩm
máy pha cà phê delonghi dedica ec685 có những tính năng gì nổi bật,sản phẩm
giá của máy pha cà phê delonghi dedica ec685 là bao nhiêu,sản phẩm
máy pha cà phê delonghi dedica ec685 có phù hợp với nhu cầu sử dụng của tôi không,sản phẩm
tôi có thể mua máy pha cà phê delonghi dedica ec685 ở đâu,sản phẩm
thời gian bảo hành của máy pha cà phê delonghi dedica ec685 là bao lâu,sản phẩm
máy pha cà phê delonghi dedica ec685 có những phiên bản nào,sản phẩm
so sánh máy pha cà phê delonghi dedica ec685 với các dòng máy pha cà phê khác,sản phẩm
máy pha cà phê delonghi dedica ec685 có những màu sắc nào,sản phẩm
máy pha cà phê delonghi dedica ec685 có những phụ kiện đi kèm nào,sản phẩm
tôi có thể xem đánh giá về máy pha cà phê delonghi dedica ec685 ở đâu,sản phẩm
máy pha cà phê delonghi dedica ec685 là loại máy pha cà phê gì,sản phẩm
máy pha cà phê delonghi dedica ec685 có vòi đánh sữa không,sản phẩm
máy pha cà phê delonghi dedica ec685 có thể tạo bọt sữa như thế nào,sản phẩm
máy pha cà phê delonghi dedica ec685 có thể pha được những loại cà phê nào,sản phẩm
máy pha cà phê delonghi dedica ec685 có thể điều chỉnh nhiệt độ nước không,sản phẩm
máy pha cà phê delonghi dedica ec685 có thể điều chỉnh áp suất chiết xuất không,sản phẩm
máy pha cà phê delonghi dedica ec685 có thể cài đặt lượng cà phê không,sản phẩm
máy pha cà phê delonghi dedica ec685 có thể cài đặt thời gian chiết xuất không,sản phẩm
máy pha cà phê delonghi dedica ec685 có thể lập trình trước các chế độ pha không,sản phẩm
máy pha cà phê delonghi dedica ec685 có thể tự động vệ sinh không,sản phẩm
máy pha cà phê delonghi dedica ec685 có thể tháo rời các bộ phận để vệ sinh không,sản phẩm
máy pha cà phê delonghi dedica ec685 có thể pha được bao nhiêu tách cà phê cùng lúc,sản phẩm
máy pha cà phê delonghi dedica ec685 có thể sử dụng cho gia đình và quán cà phê nhỏ không,sản phẩm
máy pha cà phê delonghi dedica ec685 có thiết kế như thế nào,sản phẩm
kích thước của máy pha cà phê delonghi dedica ec685 là bao nhiêu,sản phẩm
trọng lượng của máy pha cà phê delonghi dedica ec685 là bao nhiêu,sản phẩm
máy pha cà phê delonghi dedica ec685 có thể mang đi du lịch không,sản phẩm
máy pha cà phê delonghi dedica ec685 có thể sử dụng trong văn phòng không,sản phẩm
máy pha cà phê delonghi dedica ec685 có những tính năng đặc biệt nào,sản phẩm
máy pha cà phê delonghi dedica ec685 có thể sử dụng cà phê bột hay cà phê viên nén,sản phẩm
máy pha cà phê delonghi dedica ec685 có thể điều chỉnh chiều cao khay đựng cốc không,sản phẩm
máy pha cà phê delonghi dedica ec685 có thể hâm nóng tách cà phê không,sản phẩm
máy pha cà phê delonghi dedica ec685 có chế độ tiết kiệm năng lượng không,sản phẩm
tôi có thể mua máy pha cà phê delonghi dedica ec685 trả góp không,sản phẩm
chính sách bảo hành của delonghi đối với máy pha cà phê delonghi dedica ec685 là gì,sản phẩm
tôi có thể liên hệ với trung tâm bảo hành của delonghi ở đâu,sản phẩm
delonghi có hỗ trợ cài đặt và hướng dẫn sử dụng máy pha cà phê delonghi dedica ec685 không,sản phẩm
Sản phẩm này có mấy màu,sản phẩm
Có loại nào tương tự nhưng giá rẻ hơn không,sản phẩm
Sản phẩm này có bảo hành không,sản phẩm
Shop có bán phụ kiện đi kèm không,sản phẩm
Tôi có thể mua hàng theo bộ được không,sản phẩm
Chào shop,chào hỏi
"Xin chào, tôi cần tư vấn",chào hỏi
"Chào buổi sáng, hôm nay shop mở cửa lúc mấy giờ",chào hỏi
Shop có hỗ trợ online không,chào hỏi
"Chào anh/chị, tôi có thể đặt hàng qua đây không",chào hỏi
Cửa hàng có địa chỉ ở đâu,thông tin cửa hàng
Thời gian mở cửa của shop là khi nào,thông tin cửa hàng
Shop có chi nhánh ở TP.HCM không,thông tin cửa hàng
"Tôi muốn đến xem trực tiếp, shop mở cửa lúc nào",thông tin cửa hàng
Có thể đặt lịch hẹn trước khi đến không,thông tin cửa hàng
Chính sách đổi trả như thế nào,điều khoản
Tôi có thể hủy đơn hàng sau khi đặt không,điều khoản
Điều kiện để được bảo hành là gì,điều khoản
Nếu hàng bị lỗi thì đổi trả thế nào,điều khoản
Tôi có thể trả góp không,điều khoản
Có chương trình khuyến mãi nào không,khác
Có thể đặt hàng trước khi có hàng không,khác
Làm sao để đăng ký thành viên,khác
Tôi muốn nhận thông báo khi có hàng mới,khác
Shop có hỗ trợ thanh toán qua ví điện tử không,khác
Sản phẩm này có mấy màu,sản phẩm
Có loại nào tương tự nhưng giá rẻ hơn không,sản phẩm
Sản phẩm này có bảo hành không,sản phẩm
Shop có bán phụ kiện đi kèm không,sản phẩm
Tôi có thể mua hàng theo bộ được không,sản phẩm
Chào shop,chào hỏi
"Xin chào, tôi cần tư vấn",chào hỏi
"Chào buổi sáng, hôm nay shop mở cửa lúc mấy giờ",chào hỏi
Shop có hỗ trợ online không,chào hỏi
"Chào anh/chị, tôi có thể đặt hàng qua đây không",chào hỏi
Cửa hàng có địa chỉ ở đâu,thông tin cửa hàng
Thời gian mở cửa của shop là khi nào,thông tin cửa hàng
Shop có chi nhánh ở TP.HCM không,thông tin cửa hàng
"Tôi muốn đến xem trực tiếp, shop mở cửa lúc nào",thông tin cửa hàng
Có thể đặt lịch hẹn trước khi đến không,thông tin cửa hàng
Chính sách đổi trả như thế nào,điều khoản
Tôi có thể hủy đơn hàng sau khi đặt không,điều khoản
Điều kiện để được bảo hành là gì,điều khoản
Nếu hàng bị lỗi thì đổi trả thế nào,điều khoản
Tôi có thể trả góp không,điều khoản
Có chương trình khuyến mãi nào không,khác
Có thể đặt hàng trước khi có hàng không,khác
Làm sao để đăng ký thành viên,khác
Tôi muốn nhận thông báo khi có hàng mới,khác
Shop có hỗ trợ thanh toán qua ví điện tử không,khác
Sản phẩm này có mấy màu,sản phẩm
Có loại nào tương tự nhưng giá rẻ hơn không,sản phẩm
Sản phẩm này có bảo hành không,sản phẩm
Shop có bán phụ kiện đi kèm không,sản phẩm
Tôi có thể mua hàng theo bộ được không,sản phẩm
Chào shop,chào hỏi
"Xin chào, tôi cần tư vấn",chào hỏi
"Chào buổi sáng, hôm nay shop mở cửa lúc mấy giờ",chào hỏi
Shop có hỗ trợ online không,chào hỏi
"Chào anh/chị, tôi có thể đặt hàng qua đây không",chào hỏi
Cửa hàng có địa chỉ ở đâu,thông tin cửa hàng
Thời gian mở cửa của shop là khi nào,thông tin cửa hàng
Shop có chi nhánh ở TP.HCM không,thông tin cửa hàng
"Tôi muốn đến xem trực tiếp, shop mở cửa lúc nào",thông tin cửa hàng
Có thể đặt lịch hẹn trước khi đến không,thông tin cửa hàng
Chính sách đổi trả như thế nào,điều khoản
Tôi có thể hủy đơn hàng sau khi đặt không,điều khoản
Điều kiện để được bảo hành là gì,điều khoản
Nếu hàng bị lỗi thì đổi trả thế nào,điều khoản
Tôi có thể trả góp không,điều khoản
Có chương trình khuyến mãi nào không,khác
Có thể đặt hàng trước khi có hàng không,khác
Làm sao để đăng ký thành viên,khác
Tôi muốn nhận thông báo khi có hàng mới,khác
Shop có hỗ trợ thanh toán qua ví điện tử không,khác
Sản phẩm này có mấy màu,sản phẩm
Có loại nào tương tự nhưng giá rẻ hơn không,sản phẩm
Sản phẩm này có bảo hành không,sản phẩm
Shop có bán phụ kiện đi kèm không,sản phẩm
Tôi có thể mua hàng theo bộ được không,sản phẩm
Chào shop,chào hỏi
"Xin chào, tôi cần tư vấn",chào hỏi
"Chào buổi sáng, hôm nay shop mở cửa lúc mấy giờ",chào hỏi
Shop có hỗ trợ online không,chào hỏi
"Chào anh/chị, tôi có thể đặt hàng qua đây không",chào hỏi
Cửa hàng có địa chỉ ở đâu,thông tin cửa hàng
Thời gian mở cửa của shop là khi nào,thông tin cửa hàng
Shop có chi nhánh ở TP.HCM không,thông tin cửa hàng
"Tôi muốn đến xem trực tiếp, shop mở cửa lúc nào",thông tin cửa hàng
Có thể đặt lịch hẹn trước khi đến không,thông tin cửa hàng
Chính sách đổi trả như thế nào,điều khoản
Tôi có thể hủy đơn hàng sau khi đặt không,điều khoản
Điều kiện để được bảo hành là gì,điều khoản
Nếu hàng bị lỗi thì đổi trả thế nào,điều khoản
Tôi có thể trả góp không,điều khoản
Có chương trình khuyến mãi nào không,khác
Có thể đặt hàng trước khi có hàng không,khác
Làm sao để đăng ký thành viên,khác
Tôi muốn nhận thông báo khi có hàng mới,khác
Shop có hỗ trợ thanh toán qua ví điện tử không,khác
Sản phẩm này có mấy màu,sản phẩm
Có loại nào tương tự nhưng giá rẻ hơn không,sản phẩm
Sản phẩm này có bảo hành không,sản phẩm
Shop có bán phụ kiện đi kèm không,sản phẩm
Tôi có thể mua hàng theo bộ được không,sản phẩm
Chào shop,chào hỏi
"Xin chào, tôi cần tư vấn",chào hỏi
"Chào buổi sáng, hôm nay shop mở cửa lúc mấy giờ",chào hỏi
Shop có hỗ trợ online không,chào hỏi
"Chào anh/chị, tôi có thể đặt hàng qua đây không",chào hỏi
Cửa hàng có địa chỉ ở đâu,thông tin cửa hàng
Thời gian mở cửa của shop là khi nào,thông tin cửa hàng
Shop có chi nhánh ở TP.HCM không,thông tin cửa hàng
"Tôi muốn đến xem trực tiếp, shop mở cửa lúc nào",thông tin cửa hàng
Có thể đặt lịch hẹn trước khi đến không,thông tin cửa hàng
Chính sách đổi trả như thế nào,điều khoản
Tôi có thể hủy đơn hàng sau khi đặt không,điều khoản
Điều kiện để được bảo hành là gì,điều khoản
Nếu hàng bị lỗi thì đổi trả thế nào,điều khoản
Tôi có thể trả góp không,điều khoản
Có chương trình khuyến mãi nào không,khác
Có thể đặt hàng trước khi có hàng không,khác
Làm sao để đăng ký thành viên,khác
Tôi muốn nhận thông báo khi có hàng mới,khác
Shop có hỗ trợ thanh toán qua ví điện tử không,khác
Sản phẩm này có mấy màu,sản phẩm
Có loại nào tương tự nhưng giá rẻ hơn không,sản phẩm
Sản phẩm này có bảo hành không,sản phẩm
Shop có bán phụ kiện đi kèm không,sản phẩm
Tôi có thể mua hàng theo bộ được không,sản phẩm
Chào shop,chào hỏi
"Xin chào, tôi cần tư vấn",chào hỏi
"Chào buổi sáng, hôm nay shop mở cửa lúc mấy giờ",chào hỏi
Shop có hỗ trợ online không,chào hỏi
"Chào anh/chị, tôi có thể đặt hàng qua đây không",chào hỏi
Cửa hàng có địa chỉ ở đâu,thông tin cửa hàng
Thời gian mở cửa của shop là khi nào,thông tin cửa hàng
Shop có chi nhánh ở TP.HCM không,thông tin cửa hàng
"Tôi muốn đến xem trực tiếp, shop mở cửa lúc nào",thông tin cửa hàng
Có thể đặt lịch hẹn trước khi đến không,thông tin cửa hàng
Chính sách đổi trả như thế nào,điều khoản
Tôi có thể hủy đơn hàng sau khi đặt không,điều khoản
Điều kiện để được bảo hành là gì,điều khoản
Nếu hàng bị lỗi thì đổi trả thế nào,điều khoản
Tôi có thể trả góp không,điều khoản
Có chương trình khuyến mãi nào không,khác
Có thể đặt hàng trước khi có hàng không,khác
Làm sao để đăng ký thành viên,khác
Tôi muốn nhận thông báo khi có hàng mới,khác
Shop có hỗ trợ thanh toán qua ví điện tử không,khác
Sản phẩm này có mấy màu,sản phẩm
Có loại nào tương tự nhưng giá rẻ hơn không,sản phẩm
Sản phẩm này có bảo hành không,sản phẩm
Shop có bán phụ kiện đi kèm không,sản phẩm
Tôi có thể mua hàng theo bộ được không,sản phẩm
Chào shop,chào hỏi
"Xin chào, tôi cần tư vấn",chào hỏi
"Chào buổi sáng, hôm nay shop mở cửa lúc mấy giờ",chào hỏi
Shop có hỗ trợ online không,chào hỏi
"Chào anh/chị, tôi có thể đặt hàng qua đây không",chào hỏi
Cửa hàng có địa chỉ ở đâu,thông tin cửa hàng
Thời gian mở cửa của shop là khi nào,thông tin cửa hàng
Shop có chi nhánh ở TP.HCM không,thông tin cửa hàng
"Tôi muốn đến xem trực tiếp, shop mở cửa lúc nào",thông tin cửa hàng
Có thể đặt lịch hẹn trước khi đến không,thông tin cửa hàng
Chính sách đổi trả như thế nào,điều khoản
Tôi có thể hủy đơn hàng sau khi đặt không,điều khoản
Điều kiện để được bảo hành là gì,điều khoản
Nếu hàng bị lỗi thì đổi trả thế nào,điều khoản
Tôi có thể trả góp không,điều khoản
Có chương trình khuyến mãi nào không,khác
Có thể đặt hàng trước khi có hàng không,khác
Làm sao để đăng ký thành viên,khác
Tôi muốn nhận thông báo khi có hàng mới,khác
Shop có hỗ trợ thanh toán qua ví điện tử không,khác
Sản phẩm này có mấy màu,sản phẩm
Có loại nào tương tự nhưng giá rẻ hơn không,sản phẩm
Sản phẩm này có bảo hành không,sản phẩm
Shop có bán phụ kiện đi kèm không,sản phẩm
Tôi có thể mua hàng theo bộ được không,sản phẩm
Chào shop,chào hỏi
"Xin chào, tôi cần tư vấn",chào hỏi
"Chào buổi sáng, hôm nay shop mở cửa lúc mấy giờ",chào hỏi
Shop có hỗ trợ online không,chào hỏi
"Chào anh/chị, tôi có thể đặt hàng qua đây không",chào hỏi
Cửa hàng có địa chỉ ở đâu,thông tin cửa hàng
Thời gian mở cửa của shop là khi nào,thông tin cửa hàng
Shop có chi nhánh ở TP.HCM không,thông tin cửa hàng
"Tôi muốn đến xem trực tiếp, shop mở cửa lúc nào",thông tin cửa hàng
Có thể đặt lịch hẹn trước khi đến không,thông tin cửa hàng
Chính sách đổi trả như thế nào,điều khoản
Tôi có thể hủy đơn hàng sau khi đặt không,điều khoản
Điều kiện để được bảo hành là gì,điều khoản
Nếu hàng bị lỗi thì đổi trả thế nào,điều khoản
Tôi có thể trả góp không,điều khoản
Có chương trình khuyến mãi nào không,khác
Có thể đặt hàng trước khi có hàng không,khác
Làm sao để đăng ký thành viên,khác
Tôi muốn nhận thông báo khi có hàng mới,khác
Shop có hỗ trợ thanh toán qua ví điện tử không,khác
